matrix,codec,accum,bytes_per_nnz,rel_maxrow_worst,rel_maxrow_mean,rel_l2_worst,rel_l2_mean,rel_maxrow_worst_rand,rel_l2_worst_rand,rel_maxrow_worst_struct,rel_l2_worst_struct,nnz,num_blocks
cant,bfp8,fp32,1.148066,2.026762e-02,6.343720e-03,3.667225e-01,2.819190e-02,5.093429e-03,3.947597e-03,2.026762e-02,3.667225e-01,4007383,296679
cant,bfp8,fp64,1.148066,2.026762e-02,6.343733e-03,3.667225e-01,2.819190e-02,5.093429e-03,3.947596e-03,2.026762e-02,3.667225e-01,4007383,296679
cant,bfp8_outlier,fp32,1.148066,2.026762e-02,6.343720e-03,3.667225e-01,2.819190e-02,5.093429e-03,3.947597e-03,2.026762e-02,3.667225e-01,4007383,296679
cant,bfp4,fp32,0.648066,2.943810e-01,1.047281e-01,3.085873e+00,2.644018e-01,1.159954e-01,6.440785e-02,2.943810e-01,3.085873e+00,4007383,296679
cant,bf16,fp32,2.000000,1.600110e-03,1.599996e-03,2.357633e-03,1.646839e-03,1.600110e-03,1.601606e-03,1.600000e-03,2.357633e-03,4007383,296679
cant,fp16,fp32,2.000000,2.323810e-04,1.469317e-04,3.709235e-03,3.676049e-04,1.554896e-04,1.322653e-04,2.323810e-04,3.709235e-03,4007383,296679
consph,bfp8,fp32,1.146911,5.911643e-02,1.116423e-02,5.353721e-02,1.091723e-02,8.594065e-03,6.275485e-03,5.911643e-02,5.353721e-02,6010480,441502
consph,bfp8,fp64,1.146911,5.911649e-02,1.116423e-02,5.353721e-02,1.091723e-02,8.594068e-03,6.275485e-03,5.911649e-02,5.353721e-02,6010480,441502
consph,bfp8_outlier,fp32,1.226902,2.892074e-02,6.046753e-03,3.773659e-02,7.702112e-03,4.627019e-03,4.425343e-03,2.892074e-02,3.773659e-02,6010480,441502
consph,bfp4,fp32,0.646911,8.694635e-01,1.798842e-01,9.804373e-01,1.951279e-01,1.198299e-01,1.096275e-01,8.694635e-01,9.804373e-01,6010480,441502
consph,bf16,fp32,2.000000,1.198469e-02,2.933717e-03,1.407513e-02,2.874326e-03,2.551130e-03,1.659732e-03,1.198469e-02,1.407513e-02,6010480,441502
consph,fp16,fp32,2.000000,1.549200e-03,3.766812e-04,1.755000e-03,3.591208e-04,3.113911e-04,2.064054e-04,1.549200e-03,1.755000e-03,6010480,441502
F1,bfp8,fp32,1.235142,3.065233e-02,9.287648e-03,1.863106e-01,1.874444e-02,9.291579e-03,6.270805e-03,3.065233e-02,1.863106e-01,26837113,3155272
F1,bfp8,fp64,1.235142,3.065231e-02,9.287653e-03,1.863106e-01,1.874444e-02,9.291571e-03,6.270805e-03,3.065231e-02,1.863106e-01,26837113,3155272
F1,bfp8_outlier,fp32,1.315142,6.267667e-03,1.910474e-03,1.068629e-01,1.077083e-02,2.007805e-03,3.617772e-03,6.267667e-03,1.068629e-01,26837113,3155272
F1,bfp4,fp32,0.735142,5.150160e-01,1.496949e-01,3.144290e+00,3.169204e-01,1.438237e-01,1.065613e-01,5.150160e-01,3.144290e+00,26837113,3155272
F1,bf16,fp32,2.000000,7.094169e-03,2.488487e-03,4.952334e-02,4.989771e-03,2.588002e-03,1.675793e-03,7.094169e-03,4.952334e-02,26837113,3155272
F1,fp16,fp32,2.000000,inf,inf,inf,inf,inf,inf,inf,inf,26837113,3155272
Ga41As41H72,bfp8,fp32,1.325575,4.587038e-01,3.268912e-02,1.013640e-01,1.251907e-02,5.907428e-03,5.720024e-03,4.587038e-01,1.013640e-01,18488476,3009690
Ga41As41H72,bfp8,fp64,1.325575,4.587065e-01,3.268927e-02,1.013640e-01,1.251908e-02,5.907395e-03,5.720024e-03,4.587065e-01,1.013640e-01,18488476,3009690
Ga41As41H72,bfp8_outlier,fp32,1.405574,1.857309e-01,1.342324e-02,7.450326e-02,9.191231e-03,2.679588e-03,4.215186e-03,1.857309e-01,7.450326e-02,18488476,3009690
Ga41As41H72,bfp4,fp32,0.825575,7.692874e+00,5.542288e-01,1.499905e+00,1.902899e-01,1.102351e-01,9.173495e-02,7.692874e+00,1.499905e+00,18488476,3009690
Ga41As41H72,bf16,fp32,2.000000,1.756563e-01,1.251772e-02,4.342066e-02,4.811083e-03,2.528334e-03,1.799516e-03,1.756563e-01,4.342066e-02,18488476,3009690
Ga41As41H72,fp16,fp32,2.000000,1.775286e-02,1.309405e-03,3.571651e-03,4.397049e-04,2.913973e-04,1.998222e-04,1.775286e-02,3.571651e-03,18488476,3009690
Si41Ge41H72,bfp8,fp32,1.305661,2.801214e-02,8.523931e-03,6.065465e-02,9.622336e-03,8.358333e-03,4.615383e-03,2.801214e-02,6.065465e-02,15011265,2294177
Si41Ge41H72,bfp8,fp64,1.305661,2.801213e-02,8.523932e-03,6.065472e-02,9.622342e-03,8.358356e-03,4.615382e-03,2.801213e-02,6.065472e-02,15011265,2294177
Si41Ge41H72,bfp8_outlier,fp32,1.385660,2.801214e-02,8.432570e-03,4.772717e-02,7.628072e-03,8.358333e-03,3.715764e-03,2.801214e-02,4.772717e-02,15011265,2294177
Si41Ge41H72,bfp4,fp32,0.805661,3.723646e-01,1.216777e-01,7.085617e-01,1.269239e-01,1.206425e-01,7.168579e-02,3.723646e-01,7.085617e-01,15011265,2294177
Si41Ge41H72,bf16,fp32,2.000000,1.052422e-02,3.144142e-03,2.879421e-02,4.052762e-03,2.519526e-03,1.642860e-03,1.052422e-02,2.879421e-02,15011265,2294177
Si41Ge41H72,fp16,fp32,2.000000,1.210652e-03,3.988962e-04,4.446284e-03,6.025850e-04,3.306914e-04,2.278049e-04,1.210652e-03,4.446284e-03,15011265,2294177
cage14,bfp8,fp32,1.604514,9.481356e-03,7.379610e-03,3.379342e-03,3.268972e-03,9.454892e-03,3.373207e-03,9.481356e-03,3.379342e-03,27130349,8200339
cage14,bfp8,fp64,1.604514,9.481356e-03,7.379605e-03,3.379342e-03,3.268972e-03,9.454967e-03,3.373207e-03,9.481356e-03,3.379342e-03,27130349,8200339
cage14,bfp8_outlier,fp32,1.682827,9.481356e-03,7.381218e-03,3.262674e-03,3.153697e-03,9.454892e-03,3.252444e-03,9.481356e-03,3.262674e-03,27130349,8200339
cage14,bfp4,fp32,1.104514,1.173436e-01,8.502973e-02,4.975637e-02,4.733080e-02,1.131626e-01,4.975637e-02,1.173436e-01,4.435628e-02,27130349,8200339
cage14,bf16,fp32,2.000000,2.402332e-03,2.184868e-03,1.620080e-03,1.560364e-03,2.402332e-03,1.620080e-03,2.288920e-03,1.577505e-03,27130349,8200339
cage14,fp16,fp32,2.000000,3.144085e-04,2.728905e-04,2.015329e-04,1.943731e-04,3.144085e-04,2.015329e-04,2.566499e-04,1.963498e-04,27130349,8200339
Freescale1,bfp8,fp32,1.615295,2.925708e-02,6.307254e-03,9.279713e-03,3.284546e-03,1.282211e-02,2.607667e-03,2.925708e-02,9.279713e-03,17052626,5246200
Freescale1,bfp8,fp64,1.615295,2.925708e-02,6.307256e-03,9.279713e-03,3.284547e-03,1.282211e-02,2.607667e-03,2.925708e-02,9.279713e-03,17052626,5246200
Freescale1,bfp8_outlier,fp32,1.695287,3.523393e-03,6.249676e-04,6.574922e-03,2.377872e-03,9.601298e-04,1.886276e-03,3.523393e-03,6.574922e-03,17052626,5246200
Freescale1,bfp4,fp32,1.115295,5.414844e-01,1.048998e-01,1.172146e-01,4.100316e-02,1.458671e-01,3.221332e-02,5.414844e-01,1.172146e-01,17052626,5246200
Freescale1,bf16,fp32,2.000000,2.697184e-02,4.337156e-03,5.806157e-03,2.288363e-03,9.549493e-03,1.887943e-03,2.697184e-02,5.806157e-03,17052626,5246200
Freescale1,fp16,fp32,2.000000,1.774208e-03,3.304542e-04,6.901122e-04,2.631224e-04,5.890531e-04,2.135568e-04,1.774208e-03,6.901122e-04,17052626,5246200
TSOPF_RS_b2383_c1,bfp8,fp32,1.069559,3.050283e-01,2.234880e-02,1.005467e+00,6.318922e-02,4.693616e-03,3.303320e-03,3.050283e-01,1.005467e+00,16171169,562426
TSOPF_RS_b2383_c1,bfp8,fp64,1.069559,3.050269e-01,2.234873e-02,1.005467e+00,6.318922e-02,4.693632e-03,3.303319e-03,3.050269e-01,1.005467e+00,16171169,562426
TSOPF_RS_b2383_c1,bfp8_outlier,fp32,1.133253,1.642266e-05,1.236592e-06,4.514554e-05,2.854359e-06,2.575046e-07,1.698300e-07,1.642266e-05,4.514554e-05,16171169,562426
TSOPF_RS_b2383_c1,bfp4,fp32,0.569559,3.624907e+00,2.601618e-01,5.640845e+00,3.568495e-01,5.010490e-02,2.229723e-02,3.624907e+00,5.640845e+00,16171169,562426
TSOPF_RS_b2383_c1,bf16,fp32,2.000000,1.279388e-01,1.000159e-02,5.366772e-01,3.375093e-02,2.406547e-03,1.870715e-03,1.279388e-01,5.366772e-01,16171169,562426
TSOPF_RS_b2383_c1,fp16,fp32,2.000000,1.077465e-02,8.777186e-04,5.189463e-02,3.258171e-03,2.656777e-04,1.703136e-04,1.077465e-02,5.189463e-02,16171169,562426
