matrix,codec,nnz,joint_ms,hybrid_fp64_ms,joint_speedup_vs_hybrid,bytes_per_nnz,rel_err,pass_1e-2,joint_value_codec,status
L.mtx,bfp8,3640,0.005056,0.004192,0.829114,1.97995,-1,0,bfp8_blocks+bf16_residual,ok
L.mtx,auto,3640,0.005504,0.003424,0.622093,1.0022,-1,0,dict_u8_lossless,ok
cage_G_03.mtx,bfp8,72,0.00384,0.00384,1,1.88889,-1,0,bfp8_blocks+bf16_residual,ok
cage_G_03.mtx,auto,72,0.004608,0.004736,1.02778,1.11111,-1,0,dict_u8_lossless,ok
cage_G_11.mtx,bfp8,174,0.004576,0.003936,0.86014,1.95402,-1,0,bfp8_blocks+bf16_residual,ok
cage_G_11.mtx,auto,174,0.003872,0.003904,1.00826,1.04598,-1,0,dict_u8_lossless,ok
cage_G_19.mtx,bfp8,174,0.003808,0.003904,1.02521,2,-1,0,bfp8_blocks+bf16_residual,ok
cage_G_19.mtx,auto,174,0.003808,0.003808,1,1.04598,-1,0,dict_u8_lossless,ok
cage_G_27.mtx,bfp8,378,0.003872,0.003808,0.983471,2,-1,0,bfp8_blocks+bf16_residual,ok
cage_G_27.mtx,auto,378,0.00384,0.003808,0.991667,1.02116,-1,0,dict_u8_lossless,ok
cage_G_35.mtx,bfp8,150,0.003808,0.003808,1,1.89333,-1,0,bfp8_blocks+bf16_residual,ok
cage_G_35.mtx,auto,150,0.003808,0.005056,1.32773,1.05333,-1,0,dict_u8_lossless,ok
cage_G_43.mtx,bfp8,1820,0.004032,0.007904,1.96032,1.9956,-1,0,bfp8_blocks+bf16_residual,ok
cage_G_43.mtx,auto,1820,0.003808,0.004032,1.05882,1.0044,-1,0,dict_u8_lossless,ok
grid2.mtx,bfp8,12864,0.00528,0.005312,1.00606,1.99246,-1,0,bfp8_blocks+bf16_residual,ok
grid2.mtx,auto,12864,0.00384,0.00384,1,1.00062,-1,0,dict_u8_lossless,ok
se_G_04.mtx,bfp8,186,0.005728,0.004704,0.821229,2,-1,0,bfp8_blocks+bf16_residual,ok
se_G_04.mtx,auto,186,0.004608,0.004192,0.909722,1.04301,-1,0,dict_u8_lossless,ok
se_G_12.mtx,bfp8,49146,0.005056,0.005504,1.08861,2,-1,0,bfp8_blocks+bf16_residual,ok
se_G_12.mtx,auto,49146,0.00384,0.003808,0.991667,1.00016,-1,0,dict_u8_lossless,ok
Alemdar.mtx,bfp8,42581,0.00576,0.00576,1,2,-1,0,bfp8_blocks+bf16_residual,ok
Alemdar.mtx,auto,42581,0.005568,0.005856,1.05172,1.00038,-1,0,dict_u8_lossless,ok
jazz.mtx,bfp8,5484,0.008064,0.008416,1.04365,1.8512,-1,0,bfp8_blocks+bf16_residual,ok
jazz.mtx,auto,5484,0.007968,0.006432,0.807229,1.00146,-1,0,dict_u8_lossless,ok
bfwb782.mtx,bfp8,5982,0.006336,0.00608,0.959596,1.75677,-1,0,bfp8_blocks+bf16_residual,ok
bfwb782.mtx,auto,5982,0.007424,0.005728,0.771552,1.13106,-1,0,dict_u8_lossless,ok
cdde6.mtx,bfp8,4681,0.006432,0.004064,0.631841,1.58449,-1,0,bfp8_blocks+bf16_residual,ok
cdde6.mtx,auto,4681,0.004064,0.00384,0.944882,1.00855,-1,0,dict_u8_lossless,ok
dw256A.mtx,bfp8,2480,0.006176,0.004736,0.766839,1.53548,-1,0,bfp8_blocks+bf16_residual,ok
dw256A.mtx,auto,2480,0.004416,0.003968,0.898551,1.15806,-1,0,dict_u8_lossless,ok
mhd3200b.mtx,bfp8,18316,0.00544,0.003936,0.723529,1.84789,-1,0,bfp8_blocks+bf16_residual,ok
mhd3200b.mtx,auto,18316,0.004896,0.005536,1.13072,1.84789,-1,0,bfp8_blocks+bf16_residual,ok
olm1000.mtx,bfp8,3996,0.004576,0.004576,1,1.24925,-1,0,bfp8_blocks+bf16_residual,ok
olm1000.mtx,auto,3996,0.005824,0.0056,0.961538,1.01201,-1,0,dict_u8_lossless,ok
qh768.mtx,bfp8,2934,0.005856,0.004352,0.743169,1.93456,-1,0,bfp8_blocks+bf16_residual,ok
qh768.mtx,auto,2934,0.00384,0.00384,1,1.93456,-1,0,bfp8_blocks+bf16_residual,ok
rdb2048.mtx,bfp8,12032,0.00384,0.003808,0.991667,1.48936,-1,0,bfp8_blocks+bf16_residual,ok
rdb2048.mtx,auto,12032,0.00672,0.005376,0.8,1.00399,-1,0,dict_u8_lossless,ok
rw136.mtx,bfp8,479,0.00384,0.00384,1,2,-1,0,bfp8_blocks+bf16_residual,ok
rw136.mtx,auto,479,0.00384,0.003872,1.00833,1.38413,-1,0,dict_u8_lossless,ok
tub100.mtx,bfp8,396,0.00384,0.003904,1.01667,1.24747,-1,0,bfp8_blocks+bf16_residual,ok
tub100.mtx,auto,396,0.003808,0.003936,1.03361,5.10101,-1,0,dict_u8_lossless,ok
bcsstm35.mtx,bfp8,20619,0.004192,0.005952,1.41985,1.83632,-1,0,bfp8_blocks+bf16_residual,ok
bcsstm35.mtx,auto,20619,0.006368,0.003808,0.59799,1.83632,-1,0,bfp8_blocks+bf16_residual,ok
msc01440.mtx,bfp8,44998,0.008928,0.00736,0.824373,1.3619,-1,0,bfp8_blocks+bf16_residual,ok
msc01440.mtx,auto,44998,0.006624,0.007424,1.12077,1.3619,-1,0,bfp8_blocks+bf16_residual,ok
coater1.mtx,bfp8,19457,0.00688,0.007488,1.08837,1.81873,-1,0,bfp8_blocks+bf16_residual,ok
coater1.mtx,auto,19457,0.006752,0.006432,0.952607,1.81873,-1,0,bfp8_blocks+bf16_residual,ok
cz308.mtx,bfp8,3182,0.006912,0.006848,0.990741,1.63262,-1,0,bfp8_blocks+bf16_residual,ok
cz308.mtx,auto,3182,0.00432,0.004576,1.05926,1.63262,-1,0,bfp8_blocks+bf16_residual,ok
s2rmq4m1.mtx,bfp8,263351,0.008064,0.008352,1.03571,1.1336,-1,0,bfp8_blocks+bf16_residual,ok
s2rmq4m1.mtx,auto,263351,0.0088,0.006272,0.712727,1.1336,-1,0,bfp8_blocks+bf16_residual,ok
cti.mtx,bfp8,96464,0.007136,0.00592,0.829596,1.94209,-1,0,bfp8_blocks+bf16_residual,ok
cti.mtx,auto,96464,0.004512,0.005696,1.26241,1.00008,-1,0,dict_u8_lossless,ok
delaunay_n24.mtx,bfp8,100663202,0.96784,1.27091,1.31314,1.88324,-1,0,bfp8_blocks+bf16_residual,ok
delaunay_n24.mtx,auto,100663202,1.1487,1.26755,1.10346,1,-1,0,dict_u8_lossless,ok
hugetrace-00010.mtx,bfp8,36164358,0.546848,0.628864,1.14998,1.99763,-1,0,bfp8_blocks+bf16_residual,ok
hugetrace-00010.mtx,auto,36164358,0.609184,0.63056,1.03509,1,-1,0,dict_u8_lossless,ok
vsp_data_and_seymourl.mtx,bfp8,111732,0.010848,0.010528,0.970501,1.85593,-1,0,bfp8_blocks+bf16_residual,ok
vsp_data_and_seymourl.mtx,auto,111732,0.014496,0.010176,0.701987,1.00007,-1,0,dict_u8_lossless,ok
cavity08.mtx,bfp8,29675,0.006912,0.0072,1.04167,1.4095,-1,0,bfp8_blocks+bf16_residual,ok
cavity08.mtx,auto,29675,0.007168,0.007488,1.04464,1.4095,-1,0,bfp8_blocks+bf16_residual,ok
cavity16.mtx,bfp8,137887,0.008224,0.007904,0.961089,1.36532,-1,0,bfp8_blocks+bf16_residual,ok
cavity16.mtx,auto,137887,0.008896,0.008192,0.920863,1.36532,-1,0,bfp8_blocks+bf16_residual,ok
cavity24.mtx,bfp8,138040,0.006208,0.007968,1.28351,1.36502,-1,0,bfp8_blocks+bf16_residual,ok
cavity24.mtx,auto,138040,0.009024,0.006272,0.695035,1.36502,-1,0,bfp8_blocks+bf16_residual,ok
problem1.mtx,bfp8,2779,0.004064,0.005632,1.38583,1.76682,-1,0,bfp8_blocks+bf16_residual,ok
problem1.mtx,auto,2779,0.005408,0.004832,0.893491,1.76682,-1,0,bfp8_blocks+bf16_residual,ok
ex18.mtx,bfp8,71701,0.00576,0.004928,0.855556,1.52917,-1,0,bfp8_blocks+bf16_residual,ok
ex18.mtx,auto,71701,0.006112,0.006048,0.989529,1.52917,-1,0,bfp8_blocks+bf16_residual,ok
ex26.mtx,bfp8,74464,0.008224,0.006816,0.828794,1.24241,-1,0,bfp8_blocks+bf16_residual,ok
ex26.mtx,auto,74464,0.008224,0.008128,0.988327,1.24241,-1,0,bfp8_blocks+bf16_residual,ok
ex36.mtx,bfp8,53099,0.006976,0.007392,1.05963,1.75146,-1,0,bfp8_blocks+bf16_residual,ok
ex36.mtx,auto,53099,0.006176,0.007232,1.17098,1.75146,-1,0,bfp8_blocks+bf16_residual,ok
ex9.mtx,bfp8,99471,0.00752,0.007392,0.982979,1.2944,-1,0,bfp8_blocks+bf16_residual,ok
ex9.mtx,auto,99471,0.007616,0.006464,0.84874,1.2944,-1,0,bfp8_blocks+bf16_residual,ok
Spielman_k100_A_07.mtx,bfp8,1025404,0.023584,0.018944,0.803256,1.29204,-1,0,bfp8_blocks+bf16_residual,ok
Spielman_k100_A_07.mtx,auto,1025404,0.024512,0.0176,0.718016,1.00158,-1,0,dict_u8_lossless,ok
Spielman_k200_A_04.mtx,bfp8,8100804,0.093152,0.110912,1.19066,1.27114,-1,0,bfp8_blocks+bf16_residual,ok
Spielman_k200_A_04.mtx,auto,8100804,0.092608,0.113952,1.23048,1.27114,-1,0,bfp8_blocks+bf16_residual,ok
Spielman_k300_A_01.mtx,bfp8,27226204,0.462592,0.502528,1.08633,1.26412,-1,0,bfp8_blocks+bf16_residual,ok
Spielman_k300_A_01.mtx,auto,27226204,0.46256,0.499616,1.08011,1.26412,-1,0,bfp8_blocks+bf16_residual,ok
Spielman_k300_A_09.mtx,bfp8,27226204,0.46368,0.50128,1.08109,1.26412,-1,0,bfp8_blocks+bf16_residual,ok
Spielman_k300_A_09.mtx,auto,27226204,0.464384,0.502592,1.08228,1.26412,-1,0,bfp8_blocks+bf16_residual,ok
Spielman_k400_A_06.mtx,bfp8,64401604,1.11453,1.16698,1.04706,1.2606,-1,0,bfp8_blocks+bf16_residual,ok
Spielman_k400_A_06.mtx,auto,64401604,1.11098,1.16442,1.0481,1.2606,-1,0,bfp8_blocks+bf16_residual,ok
Spielman_k500_A_03.mtx,bfp8,125627004,2.14739,2.23734,1.04189,1.25848,-1,0,bfp8_blocks+bf16_residual,ok
Spielman_k500_A_03.mtx,auto,125627004,2.14579,2.23219,1.04026,1.25848,-1,0,bfp8_blocks+bf16_residual,ok
Spielman_k600.mtx,bfp8,216902404,3.6887,3.82397,1.03667,1.25707,-1,0,bfp8_blocks+bf16_residual,ok
Spielman_k600.mtx,auto,216902404,3.69014,3.82554,1.03669,1.25707,-1,0,bfp8_blocks+bf16_residual,ok
Spielman_k600_A_08.mtx,bfp8,216902404,3.68768,3.77808,1.02451,1.25707,-1,0,bfp8_blocks+bf16_residual,ok
Spielman_k600_A_08.mtx,auto,216902404,3.68954,3.8263,1.03707,1.25707,-1,0,bfp8_blocks+bf16_residual,ok
uni_chimera_i1_A_04.mtx,bfp8,1100592,0.015584,0.019328,1.24025,2,-1,0,bfp8_blocks+bf16_residual,ok
uni_chimera_i1_A_04.mtx,auto,1100592,0.016608,0.019104,1.15029,2,-1,0,bfp8_blocks+bf16_residual,ok
uni_chimera_i1_A_12.mtx,bfp8,1100592,0.014208,0.01888,1.32883,2,-1,0,bfp8_blocks+bf16_residual,ok
uni_chimera_i1_A_12.mtx,auto,1100592,0.01488,0.019136,1.28602,2,-1,0,bfp8_blocks+bf16_residual,ok
uni_chimera_i1_A_20.mtx,bfp8,1100592,0.015456,0.019872,1.28571,2,-1,0,bfp8_blocks+bf16_residual,ok
uni_chimera_i1_A_20.mtx,auto,1100592,0.015072,0.01968,1.30573,2,-1,0,bfp8_blocks+bf16_residual,ok
uni_chimera_i1_A_28.mtx,bfp8,1100592,0.014848,0.01888,1.27155,2,-1,0,bfp8_blocks+bf16_residual,ok
uni_chimera_i1_A_28.mtx,auto,1100592,0.013888,0.019104,1.37558,2,-1,0,bfp8_blocks+bf16_residual,ok
uni_chimera_i2_A_07.mtx,bfp8,797974,0.011744,0.014944,1.27248,2,-1,0,bfp8_blocks+bf16_residual,ok
uni_chimera_i2_A_07.mtx,auto,797974,0.012064,0.014944,1.23873,2,-1,0,bfp8_blocks+bf16_residual,ok
uni_chimera_i2_A_15.mtx,bfp8,797974,0.012672,0.0144,1.13636,2,-1,0,bfp8_blocks+bf16_residual,ok
uni_chimera_i2_A_15.mtx,auto,797974,0.013408,0.014848,1.1074,2,-1,0,bfp8_blocks+bf16_residual,ok
uni_chimera_i2_A_23.mtx,bfp8,797974,0.010432,0.015104,1.44785,2,-1,0,bfp8_blocks+bf16_residual,ok
uni_chimera_i2_A_23.mtx,auto,797974,0.012128,0.014816,1.22164,2,-1,0,bfp8_blocks+bf16_residual,ok
uni_chimera_i3_A_06.mtx,bfp8,499696,0.008864,0.010976,1.23827,2,-1,0,bfp8_blocks+bf16_residual,ok
uni_chimera_i3_A_06.mtx,auto,499696,0.009408,0.01152,1.22449,2,-1,0,bfp8_blocks+bf16_residual,ok
uni_chimera_i3_A_14.mtx,bfp8,499696,0.009408,0.01168,1.2415,2,-1,0,bfp8_blocks+bf16_residual,ok
uni_chimera_i3_A_14.mtx,auto,499696,0.008224,0.012448,1.51362,2,-1,0,bfp8_blocks+bf16_residual,ok
uni_chimera_i3_A_22.mtx,bfp8,499696,0.007936,0.009952,1.25403,2,-1,0,bfp8_blocks+bf16_residual,ok
uni_chimera_i3_A_22.mtx,auto,499696,0.009696,0.011648,1.20132,2,-1,0,bfp8_blocks+bf16_residual,ok
uni_chimera_i4_A_02.mtx,bfp8,814436,0.012896,0.01504,1.16625,2,-1,0,bfp8_blocks+bf16_residual,ok
uni_chimera_i4_A_02.mtx,auto,814436,0.012416,0.014176,1.14175,2,-1,0,bfp8_blocks+bf16_residual,ok
uni_chimera_i4_A_10.mtx,bfp8,814436,0.012512,0.015584,1.24552,2,-1,0,bfp8_blocks+bf16_residual,ok
uni_chimera_i4_A_10.mtx,auto,814436,0.012928,0.014688,1.13614,2,-1,0,bfp8_blocks+bf16_residual,ok
uni_chimera_i4_A_18.mtx,bfp8,814436,0.011424,0.014208,1.2437,2,-1,0,bfp8_blocks+bf16_residual,ok
uni_chimera_i4_A_18.mtx,auto,814436,0.011904,0.01568,1.3172,2,-1,0,bfp8_blocks+bf16_residual,ok
uni_chimera_i4_A_26.mtx,bfp8,814436,0.010624,0.014816,1.39458,2,-1,0,bfp8_blocks+bf16_residual,ok
uni_chimera_i4_A_26.mtx,auto,814436,0.01184,0.014016,1.18378,2,-1,0,bfp8_blocks+bf16_residual,ok
uni_chimera_i5_A_07.mtx,bfp8,499982,0.008128,0.011072,1.3622,2,-1,0,bfp8_blocks+bf16_residual,ok
uni_chimera_i5_A_07.mtx,auto,499982,0.009024,0.011136,1.23404,2,-1,0,bfp8_blocks+bf16_residual,ok
uni_chimera_i5_A_15.mtx,bfp8,499982,0.009728,0.012672,1.30263,2,-1,0,bfp8_blocks+bf16_residual,ok
uni_chimera_i5_A_15.mtx,auto,499982,0.009792,0.010688,1.0915,2,-1,0,bfp8_blocks+bf16_residual,ok
uni_chimera_i5_A_23.mtx,bfp8,499982,0.00912,0.011488,1.25965,2,-1,0,bfp8_blocks+bf16_residual,ok
uni_chimera_i5_A_23.mtx,auto,499982,0.008832,0.011712,1.32609,2,-1,0,bfp8_blocks+bf16_residual,ok
bloweybq.mtx,bfp8,49999,0.00384,0.003936,1.025,1.25007,-1,0,bfp8_blocks+bf16_residual,ok
bloweybq.mtx,auto,49999,0.003936,0.003904,0.99187,1.00128,-1,0,dict_u8_lossless,ok
sit100.mtx,bfp8,61046,0.003968,0.004064,1.02419,1.90293,-1,0,bfp8_blocks+bf16_residual,ok
sit100.mtx,auto,61046,0.004512,0.004224,0.93617,1.0055,-1,0,dict_u8_lossless,ok
garon1.mtx,bfp8,84723,0.007488,0.007616,1.01709,1.73278,-1,0,bfp8_blocks+bf16_residual,ok
garon1.mtx,auto,84723,0.007456,0.007712,1.03433,1.73278,-1,0,bfp8_blocks+bf16_residual,ok
wb-edu.mtx,bfp8,57156537,0.552832,0.714528,1.29249,1.72463,-1,0,bfp8_blocks+bf16_residual,ok
wb-edu.mtx,auto,57156537,0.689952,0.717728,1.04026,1,-1,0,dict_u8_lossless,ok
Goodwin_071.mtx,bfp8,1797934,0.01088,0.012544,1.15294,1.44908,-1,0,bfp8_blocks+bf16_residual,ok
Goodwin_071.mtx,auto,1797934,0.011584,0.012576,1.08564,1.44908,-1,0,bfp8_blocks+bf16_residual,ok
b2_ss.mtx,bfp8,3895,0.00448,0.003808,0.85,1.98126,-1,0,bfp8_blocks+bf16_residual,ok
b2_ss.mtx,auto,3895,0.004928,0.00576,1.16883,1.21566,-1,0,dict_u8_lossless,ok
bayer09.mtx,bfp8,11767,0.0064,0.006688,1.045,1.94145,-1,0,bfp8_blocks+bf16_residual,ok
bayer09.mtx,auto,11767,0.00512,0.007232,1.4125,1.94145,-1,0,bfp8_blocks+bf16_residual,ok
poli3.mtx,bfp8,37849,0.007936,0.007968,1.00403,1.99892,-1,0,bfp8_blocks+bf16_residual,ok
poli3.mtx,auto,37849,0.008096,0.009824,1.21344,1.99892,-1,0,bfp8_blocks+bf16_residual,ok
G14.mtx,bfp8,9388,0.008448,0.008992,1.06439,1.97806,-1,0,bfp8_blocks+bf16_residual,ok
G14.mtx,auto,9388,0.008352,0.008576,1.02682,1.00085,-1,0,dict_u8_lossless,ok
G21.mtx,bfp8,9334,0.005888,0.006144,1.04348,1.98243,-1,0,bfp8_blocks+bf16_residual,ok
G21.mtx,auto,9334,0.007904,0.008288,1.04858,1.00171,-1,0,dict_u8_lossless,ok
G29.mtx,bfp8,39980,0.006464,0.006304,0.975248,2,-1,0,bfp8_blocks+bf16_residual,ok
G29.mtx,auto,39980,0.005888,0.005888,1,1.0004,-1,0,dict_u8_lossless,ok
G36.mtx,bfp8,23532,0.00992,0.011136,1.12258,1.99082,-1,0,bfp8_blocks+bf16_residual,ok
G36.mtx,auto,23532,0.010048,0.008128,0.808917,1.00034,-1,0,dict_u8_lossless,ok
G43.mtx,bfp8,19980,0.007712,0.0072,0.93361,2,-1,0,bfp8_blocks+bf16_residual,ok
G43.mtx,auto,19980,0.005856,0.0048,0.819672,1.0004,-1,0,dict_u8_lossless,ok
G50.mtx,bfp8,12000,0.003904,0.00384,0.983607,2,-1,0,bfp8_blocks+bf16_residual,ok
G50.mtx,auto,12000,0.00464,0.004288,0.924138,1.00067,-1,0,dict_u8_lossless,ok
G58.mtx,bfp8,59140,0.010912,0.012,1.09971,1.99572,-1,0,bfp8_blocks+bf16_residual,ok
G58.mtx,auto,59140,0.015904,0.010272,0.645875,1.00014,-1,0,dict_u8_lossless,ok
G65.mtx,bfp8,32000,0.005856,0.005984,1.02186,2,-1,0,bfp8_blocks+bf16_residual,ok
G65.mtx,auto,32000,0.0056,0.005856,1.04571,1.0005,-1,0,dict_u8_lossless,ok
TEM181302.mtx,bfp8,7839010,0.028512,0.032032,1.12346,1.49282,-1,0,bfp8_blocks+bf16_residual,ok
TEM181302.mtx,auto,7839010,0.034592,0.031264,0.903793,1.49282,-1,0,bfp8_blocks+bf16_residual,ok
abb313.mtx,bfp8,1557,0.005824,0.004608,0.791209,1.49711,-1,0,bfp8_blocks+bf16_residual,ok
abb313.mtx,auto,1557,0.00528,0.005568,1.05455,1.00514,-1,0,dict_u8_lossless,ok
bcspwr01.mtx,bfp8,131,0.004992,0.004352,0.871795,1.58779,-1,0,bfp8_blocks+bf16_residual,ok
bcspwr01.mtx,auto,131,0.00496,0.004288,0.864516,1.06107,-1,0,dict_u8_lossless,ok
bcspwr09.mtx,bfp8,6511,0.005024,0.00544,1.0828,1.98587,-1,0,bfp8_blocks+bf16_residual,ok
bcspwr09.mtx,auto,6511,0.00592,0.003968,0.67027,1.00123,-1,0,dict_u8_lossless,ok
bcsstk07.mtx,bfp8,7860,0.006688,0.006624,0.990431,1.31565,-1,0,bfp8_blocks+bf16_residual,ok
bcsstk07.mtx,auto,7860,0.007264,0.006528,0.898678,1.31565,-1,0,bfp8_blocks+bf16_residual,ok
bcsstk15.mtx,bfp8,117816,0.008576,0.008288,0.966418,1.41114,-1,0,bfp8_blocks+bf16_residual,ok
bcsstk15.mtx,auto,117816,0.007936,0.006144,0.774194,1.41114,-1,0,bfp8_blocks+bf16_residual,ok
bcsstk26.mtx,bfp8,30336,0.005888,0.005888,1,1.39649,-1,0,bfp8_blocks+bf16_residual,ok
bcsstk26.mtx,auto,30336,0.007616,0.00672,0.882353,1.39649,-1,0,bfp8_blocks+bf16_residual,ok
bcsstm05.mtx,bfp8,153,0.005632,0.003456,0.613636,2,-1,0,bfp8_blocks+bf16_residual,ok
bcsstm05.mtx,auto,153,0.005408,0.004672,0.863905,2.09804,-1,0,dict_u8_lossless,ok
bcsstm13.mtx,bfp8,21181,0.0064,0.006368,0.995,1.72438,-1,0,bfp8_blocks+bf16_residual,ok
bcsstm13.mtx,auto,21181,0.008768,0.008032,0.916058,1.72438,-1,0,bfp8_blocks+bf16_residual,ok
bcsstm26.mtx,bfp8,1922,0.005312,0.004224,0.795181,2,-1,0,bfp8_blocks+bf16_residual,ok
bcsstm26.mtx,auto,1922,0.005984,0.005088,0.850267,2,-1,0,bfp8_blocks+bf16_residual,ok
bp_1200.mtx,bfp8,4726,0.008224,0.007552,0.918288,1.97863,-1,0,bfp8_blocks+bf16_residual,ok
bp_1200.mtx,auto,4726,0.007648,0.007392,0.966527,1.97863,-1,0,bfp8_blocks+bf16_residual,ok
can_1072.mtx,bfp8,12444,0.00656,0.006368,0.970732,1.64176,-1,0,bfp8_blocks+bf16_residual,ok
can_1072.mtx,auto,12444,0.006816,0.006272,0.920188,1.00064,-1,0,dict_u8_lossless,ok
can_292.mtx,bfp8,2540,0.006336,0.006112,0.964646,1.62047,-1,0,bfp8_blocks+bf16_residual,ok
can_292.mtx,auto,2540,0.00672,0.0064,0.952381,1.00315,-1,0,dict_u8_lossless,ok
can_96.mtx,bfp8,768,0.005728,0.00544,0.949721,1.25,-1,0,bfp8_blocks+bf16_residual,ok
can_96.mtx,auto,768,0.00576,0.005312,0.922222,1.01042,-1,0,dict_u8_lossless,ok
dwt_1242.mtx,bfp8,10426,0.007232,0.00544,0.752212,1.47813,-1,0,bfp8_blocks+bf16_residual,ok
dwt_1242.mtx,auto,10426,0.005504,0.005376,0.976744,1.00077,-1,0,dict_u8_lossless,ok
dwt_2680.mtx,bfp8,25026,0.005728,0.005472,0.955307,1.5195,-1,0,bfp8_blocks+bf16_residual,ok
dwt_2680.mtx,auto,25026,0.005184,0.005536,1.0679,1.00032,-1,0,dict_u8_lossless,ok
dwt_512.mtx,bfp8,3502,0.00544,0.005696,1.04706,1.56511,-1,0,bfp8_blocks+bf16_residual,ok
dwt_512.mtx,auto,3502,0.006592,0.005696,0.864078,1.00228,-1,0,dict_u8_lossless,ok
dwt_87.mtx,bfp8,541,0.005312,0.004224,0.795181,1.67468,-1,0,bfp8_blocks+bf16_residual,ok
dwt_87.mtx,auto,541,0.00576,0.00512,0.888889,1.01479,-1,0,dict_u8_lossless,ok
fs_183_6.mtx,bfp8,1000,0.006496,0.005472,0.842365,1.948,-1,0,bfp8_blocks+bf16_residual,ok
fs_183_6.mtx,auto,1000,0.006432,0.006144,0.955224,1.948,-1,0,bfp8_blocks+bf16_residual,ok
fs_760_1.mtx,bfp8,5739,0.005056,0.006304,1.24684,1.83133,-1,0,bfp8_blocks+bf16_residual,ok
fs_760_1.mtx,auto,5739,0.006048,0.005152,0.851852,1.83133,-1,0,bfp8_blocks+bf16_residual,ok
gre_1107.mtx,bfp8,5664,0.004992,0.004512,0.903846,1.93309,-1,0,bfp8_blocks+bf16_residual,ok
gre_1107.mtx,auto,5664,0.005376,0.004608,0.857143,1.01554,-1,0,dict_u8_lossless,ok
ibm32.mtx,bfp8,126,0.004608,0.003424,0.743056,1.90476,-1,0,bfp8_blocks+bf16_residual,ok
ibm32.mtx,auto,126,0.004864,0.004352,0.894737,1.06349,-1,0,dict_u8_lossless,ok
jagmesh1.mtx,bfp8,6264,0.005888,0.003744,0.63587,1.65086,-1,0,bfp8_blocks+bf16_residual,ok
jagmesh1.mtx,auto,6264,0.006752,0.005408,0.800948,1.00128,-1,0,dict_u8_lossless,ok
jagmesh9.mtx,bfp8,9101,0.004512,0.004352,0.964539,1.70168,-1,0,bfp8_blocks+bf16_residual,ok
jagmesh9.mtx,auto,9101,0.005312,0.00496,0.933735,1.00088,-1,0,dict_u8_lossless,ok
lnsp3937.mtx,bfp8,25407,0.005152,0.005568,1.08075,1.74102,-1,0,bfp8_blocks+bf16_residual,ok
lnsp3937.mtx,auto,25407,0.005568,0.005728,1.02874,1.74102,-1,0,bfp8_blocks+bf16_residual,ok
lshp1270.mtx,bfp8,8668,0.005472,0.005632,1.02924,1.60983,-1,0,bfp8_blocks+bf16_residual,ok
lshp1270.mtx,auto,8668,0.005056,0.0056,1.10759,1.00092,-1,0,dict_u8_lossless,ok
lshp_406.mtx,bfp8,2716,0.005312,0.005024,0.945783,1.58837,-1,0,bfp8_blocks+bf16_residual,ok
lshp_406.mtx,auto,2716,0.007136,0.00544,0.762332,1.00295,-1,0,dict_u8_lossless,ok
mbeacxc.mtx,bfp8,49920,0.01344,0.012256,0.911905,1.44543,-1,0,bfp8_blocks+bf16_residual,ok
mbeacxc.mtx,auto,49920,0.013632,0.012384,0.908451,1.44543,-1,0,bfp8_blocks+bf16_residual,ok
nos1.mtx,bfp8,1017,0.006304,0.005216,0.827411,1.40413,-1,0,bfp8_blocks+bf16_residual,ok
nos1.mtx,auto,1017,0.005216,0.005344,1.02454,1.06293,-1,0,dict_u8_lossless,ok
orani678_b.mtx,bfp8,297,0.004064,0.004224,1.03937,2,-1,0,bfp8_blocks+bf16_residual,ok
orani678_b.mtx,auto,297,0.003872,0.004032,1.04132,2.05051,-1,0,dict_u8_lossless,ok
pores_1.mtx,bfp8,180,0.005728,0.00512,0.893855,1.50556,-1,0,bfp8_blocks+bf16_residual,ok
pores_1.mtx,auto,180,0.00464,0.004256,0.917241,7.71111,-1,0,dict_u8_lossless,ok
saylr3.mtx,bfp8,3750,0.005632,0.003712,0.659091,1.76667,-1,0,bfp8_blocks+bf16_residual,ok
saylr3.mtx,auto,3750,0.004288,0.00432,1.00746,1.16,-1,0,dict_u8_lossless,ok
shl_200.mtx,bfp8,1726,0.005472,0.005504,1.00585,2,-1,0,bfp8_blocks+bf16_residual,ok
shl_200.mtx,auto,1726,0.005504,0.004288,0.77907,1.88992,-1,0,dict_u8_lossless,ok
str_400.mtx,bfp8,3157,0.006528,0.005632,0.862745,1.60247,-1,0,bfp8_blocks+bf16_residual,ok
str_400.mtx,auto,3157,0.007616,0.00544,0.714286,1.60247,-1,0,bfp8_blocks+bf16_residual,ok
west0156.mtx,bfp8,362,0.006336,0.0064,1.0101,2,-1,0,bfp8_blocks+bf16_residual,ok
west0156.mtx,auto,362,0.004768,0.003552,0.744966,4.18232,-1,0,dict_u8_lossless,ok
west2021.mtx,bfp8,7310,0.004544,0.004416,0.971831,1.96854,-1,0,bfp8_blocks+bf16_residual,ok
west2021.mtx,auto,7310,0.005696,0.005696,1,1.96854,-1,0,bfp8_blocks+bf16_residual,ok
add20.mtx,bfp8,13151,0.007456,0.008192,1.09871,1.96928,-1,0,bfp8_blocks+bf16_residual,ok
add20.mtx,auto,13151,0.007296,0.007808,1.07018,1.96928,-1,0,bfp8_blocks+bf16_residual,ok
Hardesty3.mtx,bfp8,40451632,0.432992,0.492544,1.13754,1.53965,-1,0,bfp8_blocks+bf16_residual,ok
Hardesty3.mtx,auto,40451632,0.434016,0.493504,1.13706,1.53965,-1,0,bfp8_blocks+bf16_residual,ok
g7jac020sc.mtx,bfp8,42568,0.007488,0.00816,1.08974,1.79022,-1,0,bfp8_blocks+bf16_residual,ok
g7jac020sc.mtx,auto,42568,0.006656,0.007328,1.10096,1.79022,-1,0,bfp8_blocks+bf16_residual,ok
TSC_OPF_1047.mtx,bfp8,2012833,0.013312,0.012032,0.903846,1.09049,-1,0,bfp8_blocks+bf16_residual,ok
TSC_OPF_1047.mtx,auto,2012833,0.01264,0.012704,1.00506,1.09049,-1,0,bfp8_blocks+bf16_residual,ok
bibd_15_7.mtx,bfp8,135135,0.014176,0.013632,0.961625,1.41339,-1,0,bfp8_blocks+bf16_residual,ok
bibd_15_7.mtx,auto,135135,0.021216,0.013632,0.642534,1.00006,-1,0,dict_u8_lossless,ok
bibd_20_10.mtx,bfp8,8314020,0.03152,0.033248,1.05482,1.2931,-1,0,bfp8_blocks+bf16_residual,ok
bibd_20_10.mtx,auto,8314020,0.044928,0.032768,0.729345,1,-1,0,dict_u8_lossless,ok
CAG_mat364.mtx,bfp8,13585,0.008032,0.009248,1.15139,1.85337,-1,0,bfp8_blocks+bf16_residual,ok
CAG_mat364.mtx,auto,13585,0.008736,0.008512,0.974359,1.01708,-1,0,dict_u8_lossless,ok
Franz1.mtx,bfp8,5120,0.005248,0.00464,0.884146,2,-1,0,bfp8_blocks+bf16_residual,ok
Franz1.mtx,auto,5120,0.004704,0.004832,1.02721,1.00313,-1,0,dict_u8_lossless,ok
Franz8.mtx,bfp8,100368,0.004768,0.00448,0.939597,2,-1,0,bfp8_blocks+bf16_residual,ok
Franz8.mtx,auto,100368,0.006272,0.004928,0.785714,1.00016,-1,0,dict_u8_lossless,ok
IG5-7.mtx,bfp8,549,0.007584,0.007136,0.940928,1.72678,-1,0,bfp8_blocks+bf16_residual,ok
IG5-7.mtx,auto,549,0.0072,0.004032,0.56,1.102,-1,0,dict_u8_lossless,ok
GL7d10.mtx,bfp8,8,0.005248,0.005024,0.957317,2,-1,0,bfp8_blocks+bf16_residual,ok
GL7d10.mtx,auto,8,0.003936,0.003744,0.951219,4,-1,0,dict_u8_lossless,ok
c8_mat11_I.mtx,bfp8,2462970,0.015872,0.017984,1.13306,1.41476,-1,0,bfp8_blocks+bf16_residual,ok
c8_mat11_I.mtx,auto,2462970,0.017792,0.019168,1.07734,1.41476,-1,0,bfp8_blocks+bf16_residual,ok
ch4-4-b1.mtx,bfp8,144,0.006208,0.005888,0.948454,1.75694,-1,0,bfp8_blocks+bf16_residual,ok
ch4-4-b1.mtx,auto,144,0.004704,0.004192,0.891156,1.11111,-1,0,dict_u8_lossless,ok
ch6-6-b2.mtx,bfp8,7200,0.005088,0.00464,0.91195,1.96972,-1,0,bfp8_blocks+bf16_residual,ok
ch6-6-b2.mtx,auto,7200,0.004448,0.004448,1,1.00222,-1,0,dict_u8_lossless,ok
ch7-6-b5.mtx,bfp8,30240,0.005056,0.004704,0.93038,2,-1,0,bfp8_blocks+bf16_residual,ok
ch7-6-b5.mtx,auto,30240,0.005216,0.003808,0.730061,1.00053,-1,0,dict_u8_lossless,ok
ch8-8-b2.mtx,bfp8,56448,0.003872,0.003872,1,1.98618,-1,0,bfp8_blocks+bf16_residual,ok
ch8-8-b2.mtx,auto,56448,0.005504,0.005216,0.947674,1.00028,-1,0,dict_u8_lossless,ok
klein-b1.mtx,bfp8,60,0.004928,0.004448,0.902597,1.85,-1,0,bfp8_blocks+bf16_residual,ok
klein-b1.mtx,auto,60,0.00448,0.004256,0.95,1.26667,-1,0,dict_u8_lossless,ok
mk11-b2.mtx,bfp8,20790,0.003872,0.00416,1.07438,1.9823,-1,0,bfp8_blocks+bf16_residual,ok
mk11-b2.mtx,auto,20790,0.003808,0.003808,1,1.00077,-1,0,dict_u8_lossless,ok
mk9-b2.mtx,bfp8,3780,0.003968,0.003936,0.991936,1.94894,-1,0,bfp8_blocks+bf16_residual,ok
mk9-b2.mtx,auto,3780,0.005216,0.004992,0.957055,1.00423,-1,0,dict_u8_lossless,ok
n2c6-b6.mtx,bfp8,40005,0.004064,0.004928,1.2126,1.91314,-1,0,bfp8_blocks+bf16_residual,ok
n2c6-b6.mtx,auto,40005,0.004832,0.004416,0.913907,1.0004,-1,0,dict_u8_lossless,ok
n3c5-b1.mtx,bfp8,90,0.005216,0.004608,0.883436,1.72222,-1,0,bfp8_blocks+bf16_residual,ok
n3c5-b1.mtx,auto,90,0.004704,0.004224,0.897959,1.17778,-1,0,dict_u8_lossless,ok
n3c6-b10.mtx,bfp8,7425,0.003808,0.00656,1.72269,1.99057,-1,0,bfp8_blocks+bf16_residual,ok
n3c6-b10.mtx,auto,7425,0.005504,0.00416,0.755814,1.00215,-1,0,dict_u8_lossless,ok
n3c6-b8.mtx,bfp8,44415,0.003968,0.005056,1.27419,1.93919,-1,0,bfp8_blocks+bf16_residual,ok
n3c6-b8.mtx,auto,44415,0.004032,0.003872,0.960317,1.00036,-1,0,dict_u8_lossless,ok
n4c5-b5.mtx,bfp8,26040,0.006688,0.00672,1.00478,1.89916,-1,0,bfp8_blocks+bf16_residual,ok
n4c5-b5.mtx,auto,26040,0.006464,0.007264,1.12376,1.00061,-1,0,dict_u8_lossless,ok
n4c6-b15.mtx,bfp8,960,0.005664,0.005216,0.920904,2,-1,0,bfp8_blocks+bf16_residual,ok
n4c6-b15.mtx,auto,960,0.004832,0.003456,0.715232,1.01667,-1,0,dict_u8_lossless,ok
Trec13.mtx,bfp8,654517,0.014432,0.014752,1.02217,1.55984,-1,0,bfp8_blocks+bf16_residual,ok
Trec13.mtx,auto,654517,0.022432,0.016768,0.747504,1.00127,-1,0,dict_u8_lossless,ok
Trec9.mtx,bfp8,2147,0.008704,0.00832,0.955882,1.35631,-1,0,bfp8_blocks+bf16_residual,ok
Trec9.mtx,auto,2147,0.010368,0.007904,0.762346,1.07452,-1,0,dict_u8_lossless,ok
flower_5_1.mtx,bfp8,602,0.004448,0.003552,0.798561,2,-1,0,bfp8_blocks+bf16_residual,ok
flower_5_1.mtx,auto,602,0.005056,0.004288,0.848101,1.01329,-1,0,dict_u8_lossless,ok
wheel_5_1.mtx,bfp8,182,0.006112,0.005696,0.931937,2,-1,0,bfp8_blocks+bf16_residual,ok
wheel_5_1.mtx,auto,182,0.00384,0.003936,1.025,1.04396,-1,0,dict_u8_lossless,ok
relat3.mtx,bfp8,24,0.004032,0.004448,1.10317,1.41667,-1,0,bfp8_blocks+bf16_residual,ok
relat3.mtx,auto,24,0.003936,0.00384,0.97561,2.33333,-1,0,dict_u8_lossless,ok
D_5.mtx,bfp8,1832,0.006144,0.005312,0.864583,1.9798,-1,0,bfp8_blocks+bf16_residual,ok
D_5.mtx,auto,1832,0.004768,0.003584,0.751678,1.0524,-1,0,dict_u8_lossless,ok
EX3.mtx,bfp8,71760,0.005856,0.00592,1.01093,1.90378,-1,0,bfp8_blocks+bf16_residual,ok
EX3.mtx,auto,71760,0.006816,0.006144,0.901408,1.00011,-1,0,dict_u8_lossless,ok
Trefethen_200.mtx,bfp8,2890,0.006208,0.005664,0.912371,1.5218,-1,0,bfp8_blocks+bf16_residual,ok
Trefethen_200.mtx,auto,2890,0.006016,0.004288,0.712766,1.5564,-1,0,dict_u8_lossless,ok
Kemelmacher.mtx,bfp8,100875,0.00384,0.00384,1,1.66349,-1,0,bfp8_blocks+bf16_residual,ok
Kemelmacher.mtx,auto,100875,0.005312,0.005344,1.00602,1.66349,-1,0,bfp8_blocks+bf16_residual,ok
lp_agg2.mtx,bfp8,4740,0.006048,0.005152,0.851852,1.80886,-1,0,bfp8_blocks+bf16_residual,ok
lp_agg2.mtx,auto,4740,0.005952,0.004896,0.822581,1.80886,-1,0,bfp8_blocks+bf16_residual,ok
lp_brandy.mtx,bfp8,2202,0.008,0.007104,0.888,1.64986,-1,0,bfp8_blocks+bf16_residual,ok
lp_brandy.mtx,auto,2202,0.00704,0.007392,1.05,1.64986,-1,0,bfp8_blocks+bf16_residual,ok
lp_d2q06c.mtx,bfp8,33081,0.008544,0.008608,1.00749,1.66289,-1,0,bfp8_blocks+bf16_residual,ok
lp_d2q06c.mtx,auto,33081,0.00688,0.00832,1.2093,1.66289,-1,0,bfp8_blocks+bf16_residual,ok
lp_finnis.mtx,bfp8,2760,0.004384,0.006976,1.59124,1.98406,-1,0,bfp8_blocks+bf16_residual,ok
lp_finnis.mtx,auto,2760,0.004416,0.00464,1.05072,1.98406,-1,0,bfp8_blocks+bf16_residual,ok
lp_greenbeb.mtx,bfp8,31070,0.007904,0.009376,1.18623,1.90483,-1,0,bfp8_blocks+bf16_residual,ok
lp_greenbeb.mtx,auto,31070,0.009344,0.008256,0.883562,1.90483,-1,0,bfp8_blocks+bf16_residual,ok
lp_ken_13.mtx,bfp8,97246,0.00896,0.008928,0.996429,2,-1,0,bfp8_blocks+bf16_residual,ok
lp_ken_13.mtx,auto,97246,0.01264,0.0096,0.759494,1.00016,-1,0,dict_u8_lossless,ok
lp_pds_02.mtx,bfp8,16571,0.006144,0.007136,1.16146,2,-1,0,bfp8_blocks+bf16_residual,ok
lp_pds_02.mtx,auto,16571,0.006656,0.006432,0.966346,1.00097,-1,0,dict_u8_lossless,ok
lp_pilotnov.mtx,bfp8,13331,0.00848,0.009952,1.17358,1.85642,-1,0,bfp8_blocks+bf16_residual,ok
lp_pilotnov.mtx,auto,13331,0.010688,0.010784,1.00898,1.85642,-1,0,bfp8_blocks+bf16_residual,ok
lp_sc50b.mtx,bfp8,148,0.004224,0.004864,1.15152,2,-1,0,bfp8_blocks+bf16_residual,ok
lp_sc50b.mtx,auto,148,0.005632,0.007008,1.24432,1.43243,-1,0,dict_u8_lossless,ok
lp_scsd1.mtx,bfp8,2388,0.006432,0.006112,0.950249,1.92379,-1,0,bfp8_blocks+bf16_residual,ok
lp_scsd1.mtx,auto,2388,0.007552,0.006528,0.864407,1.0804,-1,0,dict_u8_lossless,ok
lp_shell.mtx,bfp8,3558,0.010176,0.010592,1.04088,2,-1,0,bfp8_blocks+bf16_residual,ok
lp_shell.mtx,auto,3558,0.01504,0.011392,0.757447,1.0045,-1,0,dict_u8_lossless,ok
lp_stair.mtx,bfp8,4003,0.004544,0.004704,1.03521,1.52436,-1,0,bfp8_blocks+bf16_residual,ok
lp_stair.mtx,auto,4003,0.004544,0.004704,1.03521,1.52436,-1,0,bfp8_blocks+bf16_residual,ok
lp_tuff.mtx,bfp8,4561,0.011584,0.011168,0.964088,1.57597,-1,0,bfp8_blocks+bf16_residual,ok
lp_tuff.mtx,auto,4561,0.011104,0.01008,0.907781,1.57597,-1,0,bfp8_blocks+bf16_residual,ok
lpi_box1.mtx,bfp8,651,0.004992,0.003584,0.717949,2,-1,0,bfp8_blocks+bf16_residual,ok
lpi_box1.mtx,auto,651,0.004032,0.003808,0.944444,1.02458,-1,0,dict_u8_lossless,ok
lpi_galenet.mtx,bfp8,22,0.004448,0.003712,0.834532,2,-1,0,bfp8_blocks+bf16_residual,ok
lpi_galenet.mtx,auto,22,0.003872,0.004032,1.04132,1.72727,-1,0,dict_u8_lossless,ok
lpi_klein3.mtx,bfp8,13101,0.006304,0.00656,1.04061,1.49645,-1,0,bfp8_blocks+bf16_residual,ok
lpi_klein3.mtx,auto,13101,0.006336,0.005888,0.929293,1.11541,-1,0,dict_u8_lossless,ok
lpi_woodinfe.mtx,bfp8,140,0.003872,0.003872,1,2,-1,0,bfp8_blocks+bf16_residual,ok
lpi_woodinfe.mtx,auto,140,0.00384,0.00384,1,1.11429,-1,0,dict_u8_lossless,ok
photogrammetry2.mtx,bfp8,37056,0.003968,0.004064,1.02419,1.49234,-1,0,bfp8_blocks+bf16_residual,ok
photogrammetry2.mtx,auto,37056,0.005856,0.005888,1.00546,1.49234,-1,0,bfp8_blocks+bf16_residual,ok
Ecoli_10NN.mtx,bfp8,4560,0.00448,0.004512,1.00714,1.92456,-1,0,bfp8_blocks+bf16_residual,ok
Ecoli_10NN.mtx,auto,4560,0.004448,0.004512,1.01439,1.92456,-1,0,bfp8_blocks+bf16_residual,ok
YaleA_10NN.mtx,bfp8,2268,0.00416,0.006656,1.6,1.80071,-1,0,bfp8_blocks+bf16_residual,ok
YaleA_10NN.mtx,auto,2268,0.004064,0.004384,1.07874,1.80071,-1,0,bfp8_blocks+bf16_residual,ok
dataset20mfeatpixel_10NN.mtx,bfp8,27932,0.006624,0.004512,0.681159,1.99968,-1,0,bfp8_blocks+bf16_residual,ok
dataset20mfeatpixel_10NN.mtx,auto,27932,0.006496,0.004544,0.699507,1.99968,-1,0,bfp8_blocks+bf16_residual,ok
mice_10NN.mtx,bfp8,13484,0.004512,0.004672,1.03546,1.41813,-1,0,bfp8_blocks+bf16_residual,ok
mice_10NN.mtx,auto,13484,0.004736,0.004672,0.986486,1.41813,-1,0,bfp8_blocks+bf16_residual,ok
usps_norm_5NN.mtx,bfp8,81112,0.005408,0.00576,1.06509,2,-1,0,bfp8_blocks+bf16_residual,ok
usps_norm_5NN.mtx,auto,81112,0.00384,0.00432,1.125,2,-1,0,bfp8_blocks+bf16_residual,ok
lhr07c.mtx,bfp8,156508,0.005888,0.005952,1.01087,1.29806,-1,0,bfp8_blocks+bf16_residual,ok
lhr07c.mtx,auto,156508,0.008448,0.005952,0.704545,1.29806,-1,0,bfp8_blocks+bf16_residual,ok
Pd_b.mtx,bfp8,6323,0.004096,0.003744,0.914062,1.98039,-1,0,bfp8_blocks+bf16_residual,ok
Pd_b.mtx,auto,6323,0.003808,0.003808,1,1.98039,-1,0,bfp8_blocks+bf16_residual,ok
tomography.mtx,bfp8,28726,0.010784,0.012128,1.12463,1.45182,-1,0,bfp8_blocks+bf16_residual,ok
tomography.mtx,auto,28726,0.010656,0.012064,1.13213,1.45182,-1,0,bfp8_blocks+bf16_residual,ok
air03.mtx,bfp8,91028,0.00864,0.008352,0.966667,1.81812,-1,0,bfp8_blocks+bf16_residual,ok
air03.mtx,auto,91028,0.014432,0.011008,0.762749,1.00009,-1,0,dict_u8_lossless,ok
cep1.mtx,bfp8,8233,0.003936,0.004768,1.21138,1.99903,-1,0,bfp8_blocks+bf16_residual,ok
cep1.mtx,auto,8233,0.004192,0.00384,0.916031,1.0136,-1,0,dict_u8_lossless,ok
dano3mip.mtx,bfp8,81633,0.006688,0.007776,1.16268,2,-1,0,bfp8_blocks+bf16_residual,ok
dano3mip.mtx,auto,81633,0.006496,0.00624,0.960591,1.01127,-1,0,dict_u8_lossless,ok
delf_A_04.mtx,bfp8,14343,0.003904,0.004192,1.07377,1.96305,-1,0,bfp8_blocks+bf16_residual,ok
delf_A_04.mtx,auto,14343,0.005536,0.00672,1.21387,1.96305,-1,0,bfp8_blocks+bf16_residual,ok
delf_A_12.mtx,bfp8,14915,0.005856,0.005888,1.00546,1.95984,-1,0,bfp8_blocks+bf16_residual,ok
delf_A_12.mtx,auto,14915,0.003872,0.003872,1,1.95984,-1,0,bfp8_blocks+bf16_residual,ok
delf_A_20.mtx,bfp8,15270,0.005536,0.003872,0.699422,1.95337,-1,0,bfp8_blocks+bf16_residual,ok
delf_A_20.mtx,auto,15270,0.005632,0.005888,1.04545,1.95337,-1,0,bfp8_blocks+bf16_residual,ok
delf_A_28.mtx,bfp8,15602,0.003968,0.004288,1.08065,1.95078,-1,0,bfp8_blocks+bf16_residual,ok
delf_A_28.mtx,auto,15602,0.003968,0.004224,1.06452,1.95078,-1,0,bfp8_blocks+bf16_residual,ok
delf_A_36.mtx,bfp8,15397,0.005376,0.006432,1.19643,1.92661,-1,0,bfp8_blocks+bf16_residual,ok
delf_A_36.mtx,auto,15397,0.003936,0.004032,1.02439,1.92661,-1,0,bfp8_blocks+bf16_residual,ok
deter7.mtx,bfp8,37131,0.006176,0.00704,1.1399,2,-1,0,bfp8_blocks+bf16_residual,ok
deter7.mtx,auto,37131,0.007168,0.00688,0.959821,2,-1,0,bfp8_blocks+bf16_residual,ok
fxm4_6.mtx,bfp8,265442,0.008064,0.008352,1.03571,1.64196,-1,0,bfp8_blocks+bf16_residual,ok
fxm4_6.mtx,auto,265442,0.008032,0.012608,1.56972,1.64196,-1,0,bfp8_blocks+bf16_residual,ok
gen.mtx,bfp8,63086,0.006016,0.006848,1.1383,1.99975,-1,0,bfp8_blocks+bf16_residual,ok
gen.mtx,auto,63086,0.006144,0.006816,1.10938,1.99975,-1,0,bfp8_blocks+bf16_residual,ok
kleemin.mtx,bfp8,44,0.00384,0.003808,0.991667,1.27273,-1,0,bfp8_blocks+bf16_residual,ok
kleemin.mtx,auto,44,0.004672,0.005504,1.17808,2.45455,-1,0,dict_u8_lossless,ok
l9.mtx,bfp8,4659,0.006912,0.006816,0.986111,1.50912,-1,0,bfp8_blocks+bf16_residual,ok
l9.mtx,auto,4659,0.005888,0.0064,1.08696,1.02919,-1,0,dict_u8_lossless,ok
large_A_07.mtx,bfp8,19637,0.00432,0.005824,1.34815,1.91597,-1,0,bfp8_blocks+bf16_residual,ok
large_A_07.mtx,auto,19637,0.003904,0.00416,1.06557,1.91597,-1,0,bfp8_blocks+bf16_residual,ok
large_A_15.mtx,bfp8,19749,0.004064,0.003904,0.96063,1.94744,-1,0,bfp8_blocks+bf16_residual,ok
large_A_15.mtx,auto,19749,0.004992,0.004864,0.974359,1.94744,-1,0,bfp8_blocks+bf16_residual,ok
large_A_23.mtx,bfp8,19904,0.004032,0.004224,1.04762,1.95182,-1,0,bfp8_blocks+bf16_residual,ok
large_A_23.mtx,auto,19904,0.00592,0.00464,0.783784,1.95182,-1,0,bfp8_blocks+bf16_residual,ok
large_A_31.mtx,bfp8,20643,0.00528,0.005472,1.03636,1.94434,-1,0,bfp8_blocks+bf16_residual,ok
large_A_31.mtx,auto,20643,0.004704,0.00544,1.15646,1.94434,-1,0,bfp8_blocks+bf16_residual,ok
lpl2.mtx,bfp8,32232,0.007168,0.007936,1.10714,2,-1,0,bfp8_blocks+bf16_residual,ok
lpl2.mtx,auto,32232,0.008,0.0064,0.8,1.00074,-1,0,dict_u8_lossless,ok
model7.mtx,bfp8,51027,0.009984,0.010848,1.08654,1.94534,-1,0,bfp8_blocks+bf16_residual,ok
model7.mtx,auto,51027,0.010208,0.010432,1.02194,1.94534,-1,0,bfp8_blocks+bf16_residual,ok
nemspmm2.mtx,bfp8,68225,0.01296,0.011392,0.879012,1.71436,-1,0,bfp8_blocks+bf16_residual,ok
nemspmm2.mtx,auto,68225,0.012032,0.010112,0.840425,1.71436,-1,0,bfp8_blocks+bf16_residual,ok
nsir_A_2.mtx,bfp8,154939,0.019072,0.018912,0.991611,1.71009,-1,0,bfp8_blocks+bf16_residual,ok
nsir_A_2.mtx,auto,154939,0.015648,0.015104,0.965235,1.71009,-1,0,bfp8_blocks+bf16_residual,ok
p0548.mtx,bfp8,1887,0.00768,0.008384,1.09167,2,-1,0,bfp8_blocks+bf16_residual,ok
p0548.mtx,auto,1887,0.010944,0.008704,0.795322,1.63593,-1,0,dict_u8_lossless,ok
plddb_A_01.mtx,bfp8,10762,0.003904,0.003808,0.97541,1.93031,-1,0,bfp8_blocks+bf16_residual,ok
plddb_A_01.mtx,auto,10762,0.00672,0.004384,0.652381,1.03865,-1,0,dict_u8_lossless,ok
plddb_A_09.mtx,bfp8,10829,0.003776,0.003808,1.00847,1.92474,-1,0,bfp8_blocks+bf16_residual,ok
plddb_A_09.mtx,auto,10829,0.004,0.003808,0.952,1.06206,-1,0,dict_u8_lossless,ok
qiulp.mtx,bfp8,4492,0.007968,0.007936,0.995984,2,-1,0,bfp8_blocks+bf16_residual,ok
qiulp.mtx,auto,4492,0.01072,0.007904,0.737313,1.03918,-1,0,dict_u8_lossless,ok
rlfdual.mtx,bfp8,282031,0.011744,0.013024,1.10899,1.54568,-1,0,bfp8_blocks+bf16_residual,ok
rlfdual.mtx,auto,282031,0.0152,0.010464,0.688421,1.00006,-1,0,dict_u8_lossless,ok
scagr7-2b_A_2.mtx,bfp8,2285,0.00496,0.005088,1.02581,2,-1,0,bfp8_blocks+bf16_residual,ok
scagr7-2b_A_2.mtx,auto,2285,0.00384,0.003872,1.00833,1.05252,-1,0,dict_u8_lossless,ok
scrs8-2b_A_2.mtx,bfp8,1895,0.00384,0.00384,1,2,-1,0,bfp8_blocks+bf16_residual,ok
scrs8-2b_A_2.mtx,auto,1895,0.004128,0.003776,0.914729,1.10132,-1,0,dict_u8_lossless,ok
scrs8-2r.mtx,bfp8,58439,0.005632,0.005568,0.988636,2,-1,0,bfp8_blocks+bf16_residual,ok
scrs8-2r.mtx,auto,58439,0.004736,0.004096,0.864865,1.00329,-1,0,dict_u8_lossless,ok
scrs8-2r_A_08.mtx,bfp8,14663,0.004704,0.005696,1.21088,2,-1,0,bfp8_blocks+bf16_residual,ok
scrs8-2r_A_08.mtx,auto,14663,0.005696,0.005056,0.88764,1.01309,-1,0,dict_u8_lossless,ok
scsd8-2c_A_1.mtx,bfp8,1890,0.006528,0.006144,0.941177,1.95132,-1,0,bfp8_blocks+bf16_residual,ok
scsd8-2c_A_1.mtx,auto,1890,0.006368,0.005952,0.934673,1.06772,-1,0,dict_u8_lossless,ok
scsd8-2r_A_05.mtx,bfp8,12010,0.00432,0.005632,1.3037,1.95837,-1,0,bfp8_blocks+bf16_residual,ok
scsd8-2r_A_05.mtx,auto,12010,0.006368,0.006368,1,1.01066,-1,0,dict_u8_lossless,ok
sctap1-2b_A_1.mtx,bfp8,1678,0.003872,0.003872,1,1.99046,-1,0,bfp8_blocks+bf16_residual,ok
sctap1-2b_A_1.mtx,auto,1678,0.004256,0.003872,0.909774,1.08105,-1,0,dict_u8_lossless,ok
slptsk.mtx,bfp8,72465,0.004736,0.005856,1.23649,1.9955,-1,0,bfp8_blocks+bf16_residual,ok
slptsk.mtx,auto,72465,0.004736,0.005856,1.23649,1.9955,-1,0,bfp8_blocks+bf16_residual,ok
small_A_07.mtx,bfp8,3319,0.004384,0.004352,0.992701,1.89967,-1,0,bfp8_blocks+bf16_residual,ok
small_A_07.mtx,auto,3319,0.003936,0.004064,1.03252,1.89967,-1,0,bfp8_blocks+bf16_residual,ok
small_A_15.mtx,bfp8,3207,0.006272,0.005504,0.877551,1.94543,-1,0,bfp8_blocks+bf16_residual,ok
small_A_15.mtx,auto,3207,0.007168,0.004128,0.575893,1.94543,-1,0,bfp8_blocks+bf16_residual,ok
stormg2-8.mtx,bfp8,28553,0.00432,0.004576,1.05926,1.99762,-1,0,bfp8_blocks+bf16_residual,ok
stormg2-8.mtx,auto,28553,0.005856,0.004608,0.786885,1.02774,-1,0,dict_u8_lossless,ok
rail4284.mtx,bfp8,11284032,0.041312,0.05392,1.30519,1.92014,-1,0,bfp8_blocks+bf16_residual,ok
rail4284.mtx,auto,11284032,0.04256,0.052832,1.24135,1,-1,0,dict_u8_lossless,ok
Chebyshev1.mtx,bfp8,2319,0.0088,0.013184,1.49818,1.27641,-1,0,bfp8_blocks+bf16_residual,ok
Chebyshev1.mtx,auto,2319,0.007936,0.007904,0.995968,1.27641,-1,0,bfp8_blocks+bf16_residual,ok
mycielskian15.mtx,bfp8,11111110,0.040416,0.048832,1.20823,1.65328,-1,0,bfp8_blocks+bf16_residual,ok
mycielskian15.mtx,auto,11111110,0.062656,0.047552,0.758938,1,-1,0,dict_u8_lossless,ok
mycielskian5.mtx,bfp8,142,0.00384,0.003904,1.01667,1.65493,-1,0,bfp8_blocks+bf16_residual,ok
mycielskian5.mtx,auto,142,0.006176,0.005344,0.865285,1.05634,-1,0,dict_u8_lossless,ok
Maragal_3.mtx,bfp8,18391,0.01072,0.01088,1.01493,1.81747,-1,0,bfp8_blocks+bf16_residual,ok
Maragal_3.mtx,auto,18391,0.010656,0.012032,1.12913,1.81747,-1,0,bfp8_blocks+bf16_residual,ok
nasa2910.mtx,bfp8,174296,0.01008,0.009952,0.987302,1.21901,-1,0,bfp8_blocks+bf16_residual,ok
nasa2910.mtx,auto,174296,0.012384,0.009952,0.803618,1.21901,-1,0,bfp8_blocks+bf16_residual,ok
nemeth06.mtx,bfp8,394808,0.008672,0.008224,0.94834,1.15071,-1,0,bfp8_blocks+bf16_residual,ok
nemeth06.mtx,auto,394808,0.0072,0.008,1.11111,1.15071,-1,0,bfp8_blocks+bf16_residual,ok
nemeth14.mtx,bfp8,496144,0.008608,0.008,0.929368,1.12084,-1,0,bfp8_blocks+bf16_residual,ok
nemeth14.mtx,auto,496144,0.008192,0.008704,1.0625,1.12084,-1,0,bfp8_blocks+bf16_residual,ok
nemeth22.mtx,bfp8,1358832,0.011264,0.010112,0.897727,1.10278,-1,0,bfp8_blocks+bf16_residual,ok
nemeth22.mtx,auto,1358832,0.013056,0.010112,0.77451,1.10278,-1,0,bfp8_blocks+bf16_residual,ok
cond-mat.mtx,bfp8,95188,0.007968,0.008928,1.12048,1.91055,-1,0,bfp8_blocks+bf16_residual,ok
cond-mat.mtx,auto,95188,0.005856,0.006496,1.10929,1.91055,-1,0,bfp8_blocks+bf16_residual,ok
polbooks.mtx,bfp8,882,0.004192,0.004192,1,1.68934,-1,0,bfp8_blocks+bf16_residual,ok
polbooks.mtx,auto,882,0.004512,0.004064,0.900709,1.00907,-1,0,dict_u8_lossless,ok
lung1.mtx,bfp8,7419,0.005696,0.005344,0.938202,1.58296,-1,0,bfp8_blocks+bf16_residual,ok
lung1.mtx,auto,7419,0.003968,0.00384,0.967742,1.58296,-1,0,bfp8_blocks+bf16_residual,ok
LF10000_C.mtx,bfp8,1,0.003552,0.004288,1.20721,2,-1,0,bfp8_blocks+bf16_residual,ok
LF10000_C.mtx,auto,1,0.004672,0.004096,0.876712,9,-1,0,dict_u8_lossless,ok
LFAT5000.mtx,bfp8,79966,0.00576,0.003904,0.677778,1.49999,-1,0,bfp8_blocks+bf16_residual,ok
LFAT5000.mtx,auto,79966,0.005376,0.005184,0.964286,1.0011,-1,0,dict_u8_lossless,ok
filter2D_E.mtx,bfp8,1668,0.003936,0.004064,1.03252,2,-1,0,bfp8_blocks+bf16_residual,ok
filter2D_E.mtx,auto,1668,0.004448,0.004544,1.02158,2,-1,0,bfp8_blocks+bf16_residual,ok
flowmeter5_E.mtx,bfp8,9669,0.003872,0.003808,0.983471,2,-1,0,bfp8_blocks+bf16_residual,ok
flowmeter5_E.mtx,auto,9669,0.00544,0.005184,0.952941,2,-1,0,bfp8_blocks+bf16_residual,ok
rail_1357_E.mtx,bfp8,8997,0.005024,0.00592,1.17834,1.9322,-1,0,bfp8_blocks+bf16_residual,ok
rail_1357_E.mtx,auto,8997,0.00464,0.00624,1.34483,1.9322,-1,0,bfp8_blocks+bf16_residual,ok
t2dal.mtx,bfp8,37465,0.004032,0.005024,1.24603,1.57192,-1,0,bfp8_blocks+bf16_residual,ok
t2dal.mtx,auto,37465,0.00448,0.00512,1.14286,1.57192,-1,0,bfp8_blocks+bf16_residual,ok
t2dal_bci_Atop.mtx,bfp8,111,0.00432,0.005248,1.21481,2,-1,0,bfp8_blocks+bf16_residual,ok
t2dal_bci_Atop.mtx,auto,111,0.003808,0.003808,1,8.71171,-1,0,dict_u8_lossless,ok
Si2.mtx,bfp8,17801,0.007936,0.007616,0.959677,1.64828,-1,0,bfp8_blocks+bf16_residual,ok
Si2.mtx,auto,17801,0.007776,0.007872,1.01235,1.64828,-1,0,bfp8_blocks+bf16_residual,ok
EVA.mtx,bfp8,6726,0.007936,0.007968,1.00403,2,-1,0,bfp8_blocks+bf16_residual,ok
EVA.mtx,auto,6726,0.013152,0.010016,0.761557,1.00119,-1,0,dict_u8_lossless,ok
FA.mtx,bfp8,72176,0.004608,0.005888,1.27778,2,-1,0,bfp8_blocks+bf16_residual,ok
FA.mtx,auto,72176,0.004512,0.004832,1.07092,2,-1,0,bfp8_blocks+bf16_residual,ok
GD02_b.mtx,bfp8,232,0.004352,0.004192,0.963235,1.84052,-1,0,bfp8_blocks+bf16_residual,ok
GD02_b.mtx,auto,232,0.003808,0.003808,1,1.03448,-1,0,dict_u8_lossless,ok
GD96_c.mtx,bfp8,250,0.00496,0.004608,0.929032,2,-1,0,bfp8_blocks+bf16_residual,ok
GD96_c.mtx,auto,250,0.003904,0.00384,0.983607,1.032,-1,0,dict_u8_lossless,ok
GD99_b.mtx,bfp8,252,0.004576,0.00336,0.734266,1.96825,-1,0,bfp8_blocks+bf16_residual,ok
GD99_b.mtx,auto,252,0.003808,0.004576,1.20168,1.06349,-1,0,dict_u8_lossless,ok
Ragusa16.mtx,bfp8,81,0.005056,0.004256,0.841772,1.88889,-1,0,bfp8_blocks+bf16_residual,ok
Ragusa16.mtx,auto,81,0.004448,0.004192,0.942446,1.59259,-1,0,dict_u8_lossless,ok
Stranke94.mtx,bfp8,90,0.004832,0.00448,0.927152,1.26667,-1,0,bfp8_blocks+bf16_residual,ok
Stranke94.mtx,auto,90,0.004832,0.004512,0.933775,5,-1,0,dict_u8_lossless,ok
Zewail.mtx,bfp8,54233,0.009216,0.00848,0.920139,1.99937,-1,0,bfp8_blocks+bf16_residual,ok
Zewail.mtx,auto,54233,0.013312,0.010112,0.759615,1.0003,-1,0,dict_u8_lossless,ok
barth5.mtx,bfp8,107362,0.004928,0.005984,1.21429,1.9964,-1,0,bfp8_blocks+bf16_residual,ok
barth5.mtx,auto,107362,0.006016,0.005792,0.962766,1.00007,-1,0,dict_u8_lossless,ok
mesh3em5.mtx,bfp8,1377,0.004992,0.004256,0.852564,1.60421,-1,0,bfp8_blocks+bf16_residual,ok
mesh3em5.mtx,auto,1377,0.006464,0.00592,0.915842,1.04648,-1,0,dict_u8_lossless,ok
130bit.mtx,bfp8,6120,0.005568,0.00624,1.12069,1.85507,-1,0,bfp8_blocks+bf16_residual,ok
130bit.mtx,auto,6120,0.004416,0.00544,1.23188,1.00131,-1,0,dict_u8_lossless,ok
lp_nug12.mtx,bfp8,38304,0.004864,0.004896,1.00658,2,-1,0,bfp8_blocks+bf16_residual,ok
lp_nug12.mtx,auto,38304,0.004384,0.004896,1.11679,1.00042,-1,0,dict_u8_lossless,ok
viscoplastic1_C_6.mtx,bfp8,61166,0.0064,0.005792,0.905,1.8561,-1,0,bfp8_blocks+bf16_residual,ok
viscoplastic1_C_6.mtx,auto,61166,0.005664,0.005152,0.909605,1.8561,-1,0,bfp8_blocks+bf16_residual,ok
rajat07.mtx,bfp8,63913,0.0064,0.006304,0.985,1.793,-1,0,bfp8_blocks+bf16_residual,ok
rajat07.mtx,auto,63913,0.006528,0.00448,0.686275,1.00013,-1,0,dict_u8_lossless,ok
M10PI_n.mtx,bfp8,1633,0.00432,0.00384,0.888889,2,-1,0,bfp8_blocks+bf16_residual,ok
M10PI_n.mtx,auto,1633,0.00384,0.004064,1.05833,1.36252,-1,0,dict_u8_lossless,ok
M20PI_n.mtx,bfp8,2881,0.00448,0.00352,0.785714,2,-1,0,bfp8_blocks+bf16_residual,ok
M20PI_n.mtx,auto,2881,0.006624,0.003968,0.599034,1.20548,-1,0,dict_u8_lossless,ok
M40PI_n.mtx,bfp8,5341,0.005824,0.005568,0.956044,2,-1,0,bfp8_blocks+bf16_residual,ok
M40PI_n.mtx,auto,5341,0.006336,0.003936,0.621212,1.11084,-1,0,dict_u8_lossless,ok
M80PI_n.mtx,bfp8,10261,0.005696,0.00608,1.06742,2,-1,0,bfp8_blocks+bf16_residual,ok
M80PI_n.mtx,auto,10261,0.005792,0.005952,1.02762,1.05769,-1,0,dict_u8_lossless,ok
S10PI_n.mtx,bfp8,1633,0.005024,0.004448,0.88535,2,-1,0,bfp8_blocks+bf16_residual,ok
S10PI_n.mtx,auto,1633,0.004896,0.004512,0.921569,1.36252,-1,0,dict_u8_lossless,ok
S20PI_n.mtx,bfp8,2881,0.004768,0.005184,1.08725,2,-1,0,bfp8_blocks+bf16_residual,ok
S20PI_n.mtx,auto,2881,0.004128,0.004736,1.14729,1.20548,-1,0,dict_u8_lossless,ok
S40PI_n.mtx,bfp8,5341,0.003808,0.004192,1.10084,2,-1,0,bfp8_blocks+bf16_residual,ok
S40PI_n.mtx,auto,5341,0.005056,0.004128,0.816456,1.11084,-1,0,dict_u8_lossless,ok
S80PI_n.mtx,bfp8,10261,0.004192,0.004608,1.09924,2,-1,0,bfp8_blocks+bf16_residual,ok
S80PI_n.mtx,auto,10261,0.00528,0.00528,1,1.05769,-1,0,dict_u8_lossless,ok
bips07_1693.mtx,bfp8,49044,0.00448,0.004544,1.01429,1.9676,-1,0,bfp8_blocks+bf16_residual,ok
bips07_1693.mtx,auto,49044,0.006816,0.004544,0.666667,1.9676,-1,0,bfp8_blocks+bf16_residual,ok
bips07_1998_E.mtx,bfp8,1998,0.00384,0.00384,1,2,-1,0,bfp8_blocks+bf16_residual,ok
bips07_1998_E.mtx,auto,1998,0.003808,0.003808,1,1.004,-1,0,dict_u8_lossless,ok
bips07_3078_B.mtx,bfp8,4,0.00384,0.003872,1.00833,2,-1,0,bfp8_blocks+bf16_residual,ok
bips07_3078_B.mtx,auto,4,0.00384,0.003808,0.991667,3,-1,0,dict_u8_lossless,ok
bips98_1142_iv.mtx,bfp8,1142,0.00384,0.00384,1,2,-1,0,bfp8_blocks+bf16_residual,ok
bips98_1142_iv.mtx,auto,1142,0.003872,0.00384,0.991736,1.00701,-1,0,dict_u8_lossless,ok
bips98_606_C.mtx,bfp8,20,0.00384,0.003872,1.00833,2,-1,0,bfp8_blocks+bf16_residual,ok
bips98_606_C.mtx,auto,20,0.003872,0.003808,0.983471,9,-1,0,dict_u8_lossless,ok
mimo28x28_system_B.mtx,bfp8,28,0.003808,0.003808,1,2,-1,0,bfp8_blocks+bf16_residual,ok
mimo28x28_system_B.mtx,auto,28,0.003872,0.00384,0.991736,1.28571,-1,0,dict_u8_lossless,ok
mimo8x8_system_B.mtx,bfp8,8,0.003456,0.00416,1.2037,2,-1,0,bfp8_blocks+bf16_residual,ok
mimo8x8_system_B.mtx,auto,8,0.00384,0.00336,0.875,2,-1,0,dict_u8_lossless,ok
ww_36_pmec_36.mtx,bfp8,1194,0.007264,0.005984,0.823789,1.47571,-1,0,bfp8_blocks+bf16_residual,ok
ww_36_pmec_36.mtx,auto,1194,0.006784,0.006496,0.957547,1.47571,-1,0,bfp8_blocks+bf16_residual,ok
xingo3012_B.mtx,bfp8,2,0.005024,0.005024,1,2,-1,0,bfp8_blocks+bf16_residual,ok
xingo3012_B.mtx,auto,2,0.003808,0.003808,1,5,-1,0,dict_u8_lossless,ok
zeros_nopss_13k_B.mtx,bfp8,92,0.00512,0.004064,0.79375,2,-1,0,bfp8_blocks+bf16_residual,ok
zeros_nopss_13k_B.mtx,auto,92,0.004896,0.004128,0.843137,1.08696,-1,0,dict_u8_lossless,ok
Oregon-1_G_2.mtx,bfp8,43998,0.009952,0.010432,1.04823,2,-1,0,bfp8_blocks+bf16_residual,ok
Oregon-1_G_2.mtx,auto,43998,0.015808,0.012448,0.787449,1.00018,-1,0,dict_u8_lossless,ok
Oregon-2.mtx,bfp8,65460,0.010272,0.009728,0.94704,1.99927,-1,0,bfp8_blocks+bf16_residual,ok
Oregon-2.mtx,auto,65460,0.014656,0.01472,1.00437,1.00012,-1,0,dict_u8_lossless,ok
Oregon-2_G_8.mtx,bfp8,64574,0.010752,0.010304,0.958333,1.99916,-1,0,bfp8_blocks+bf16_residual,ok
Oregon-2_G_8.mtx,auto,64574,0.012704,0.01024,0.806045,1.00012,-1,0,dict_u8_lossless,ok
as-735_G_006.mtx,bfp8,10631,0.007936,0.006912,0.870968,1.99915,-1,0,bfp8_blocks+bf16_residual,ok
as-735_G_006.mtx,auto,10631,0.012576,0.009024,0.717557,1.00075,-1,0,dict_u8_lossless,ok
as-735_G_014.mtx,bfp8,10949,0.010464,0.010528,1.00612,1.99918,-1,0,bfp8_blocks+bf16_residual,ok
as-735_G_014.mtx,auto,10949,0.011808,0.00832,0.704607,1.00073,-1,0,dict_u8_lossless,ok
as-735_G_022.mtx,bfp8,11076,0.0088,0.008704,0.989091,1.99919,-1,0,bfp8_blocks+bf16_residual,ok
as-735_G_022.mtx,auto,11076,0.011936,0.008736,0.731904,1.00072,-1,0,dict_u8_lossless,ok
as-735_G_030.mtx,bfp8,11603,0.008128,0.008384,1.0315,1.99922,-1,0,bfp8_blocks+bf16_residual,ok
as-735_G_030.mtx,auto,11603,0.013056,0.008224,0.629902,1.00069,-1,0,dict_u8_lossless,ok
as-735_G_038.mtx,bfp8,11699,0.008928,0.008192,0.917563,1.99846,-1,0,bfp8_blocks+bf16_residual,ok
as-735_G_038.mtx,auto,11699,0.012928,0.008768,0.678218,1.00068,-1,0,dict_u8_lossless,ok
as-735_G_046.mtx,bfp8,11823,0.008864,0.009024,1.01805,1.99915,-1,0,bfp8_blocks+bf16_residual,ok
as-735_G_046.mtx,auto,11823,0.013248,0.009056,0.683575,1.00068,-1,0,dict_u8_lossless,ok
as-735_G_054.mtx,bfp8,11834,0.008608,0.008224,0.95539,1.99915,-1,0,bfp8_blocks+bf16_residual,ok
as-735_G_054.mtx,auto,11834,0.012992,0.00848,0.652709,1.00068,-1,0,dict_u8_lossless,ok
as-735_G_062.mtx,bfp8,11807,0.008512,0.009664,1.13534,1.99915,-1,0,bfp8_blocks+bf16_residual,ok
as-735_G_062.mtx,auto,11807,0.013024,0.00928,0.712531,1.00068,-1,0,dict_u8_lossless,ok
as-735_G_070.mtx,bfp8,11913,0.009312,0.008512,0.914089,1.99916,-1,0,bfp8_blocks+bf16_residual,ok
as-735_G_070.mtx,auto,11913,0.012896,0.009376,0.727047,1.00067,-1,0,dict_u8_lossless,ok
as-735_G_078.mtx,bfp8,12080,0.008224,0.008736,1.06226,1.99851,-1,0,bfp8_blocks+bf16_residual,ok
as-735_G_078.mtx,auto,12080,0.012864,0.008992,0.699005,1.00066,-1,0,dict_u8_lossless,ok
as-735_G_086.mtx,bfp8,12235,0.00816,0.009024,1.10588,1.99918,-1,0,bfp8_blocks+bf16_residual,ok
as-735_G_086.mtx,auto,12235,0.012768,0.00864,0.676692,1.00065,-1,0,dict_u8_lossless,ok
as-735_G_094.mtx,bfp8,12429,0.009984,0.009856,0.987179,1.9992,-1,0,bfp8_blocks+bf16_residual,ok
as-735_G_094.mtx,auto,12429,0.012896,0.009088,0.704715,1.00064,-1,0,dict_u8_lossless,ok
as-735_G_102.mtx,bfp8,12524,0.009984,0.009632,0.964744,1.99936,-1,0,bfp8_blocks+bf16_residual,ok
as-735_G_102.mtx,auto,12524,0.01056,0.007904,0.748485,1.00064,-1,0,dict_u8_lossless,ok
as-735_G_110.mtx,bfp8,12750,0.007936,0.007904,0.995968,1.99922,-1,0,bfp8_blocks+bf16_residual,ok
as-735_G_110.mtx,auto,12750,0.01072,0.007936,0.740299,1.00063,-1,0,dict_u8_lossless,ok
as-735_G_118.mtx,bfp8,12625,0.009664,0.00928,0.960265,1.99921,-1,0,bfp8_blocks+bf16_residual,ok
as-735_G_118.mtx,auto,12625,0.01344,0.010144,0.754762,1.00063,-1,0,dict_u8_lossless,ok
as-735_G_126.mtx,bfp8,12735,0.007936,0.008064,1.01613,1.99859,-1,0,bfp8_blocks+bf16_residual,ok
as-735_G_126.mtx,auto,12735,0.012032,0.010048,0.835106,1.00063,-1,0,dict_u8_lossless,ok
as-735_G_134.mtx,bfp8,12919,0.008352,0.007904,0.94636,1.99923,-1,0,bfp8_blocks+bf16_residual,ok
as-735_G_134.mtx,auto,12919,0.010048,0.007968,0.792994,1.00062,-1,0,dict_u8_lossless,ok
as-735_G_142.mtx,bfp8,13180,0.008,0.007904,0.988,1.99924,-1,0,bfp8_blocks+bf16_residual,ok
as-735_G_142.mtx,auto,13180,0.01008,0.009664,0.95873,1.00061,-1,0,dict_u8_lossless,ok
as-735_G_150.mtx,bfp8,13393,0.00912,0.007904,0.866667,1.99925,-1,0,bfp8_blocks+bf16_residual,ok
as-735_G_150.mtx,auto,13393,0.0104,0.007968,0.766154,1.0006,-1,0,dict_u8_lossless,ok
as-735_G_158.mtx,bfp8,13480,0.009152,0.007456,0.814685,1.99926,-1,0,bfp8_blocks+bf16_residual,ok
as-735_G_158.mtx,auto,13480,0.012768,0.00992,0.776942,1.00059,-1,0,dict_u8_lossless,ok
as-735_G_166.mtx,bfp8,13690,0.009792,0.0088,0.898693,1.9992,-1,0,bfp8_blocks+bf16_residual,ok
as-735_G_166.mtx,auto,13690,0.010368,0.007904,0.762346,1.00058,-1,0,dict_u8_lossless,ok
as-735_G_174.mtx,bfp8,13767,0.007904,0.007904,1,1.9992,-1,0,bfp8_blocks+bf16_residual,ok
as-735_G_174.mtx,auto,13767,0.010528,0.007904,0.75076,1.00058,-1,0,dict_u8_lossless,ok
as-735_G_182.mtx,bfp8,13854,0.007904,0.007904,1,1.99921,-1,0,bfp8_blocks+bf16_residual,ok
as-735_G_182.mtx,auto,13854,0.013024,0.008832,0.678133,1.00058,-1,0,dict_u8_lossless,ok
as-735_G_190.mtx,bfp8,13906,0.008608,0.008704,1.01115,1.99928,-1,0,bfp8_blocks+bf16_residual,ok
as-735_G_190.mtx,auto,13906,0.010336,0.008,0.773994,1.00058,-1,0,dict_u8_lossless,ok
as-735_G_198.mtx,bfp8,14041,0.008736,0.00912,1.04396,1.99929,-1,0,bfp8_blocks+bf16_residual,ok
as-735_G_198.mtx,auto,14041,0.012736,0.010048,0.788945,1.00057,-1,0,dict_u8_lossless,ok
as-735_G_206.mtx,bfp8,14104,0.007968,0.007904,0.991968,1.99929,-1,0,bfp8_blocks+bf16_residual,ok
as-735_G_206.mtx,auto,14104,0.012896,0.008896,0.689826,1.00057,-1,0,dict_u8_lossless,ok
as-735_G_214.mtx,bfp8,14165,0.009632,0.009728,1.00997,1.99929,-1,0,bfp8_blocks+bf16_residual,ok
as-735_G_214.mtx,auto,14165,0.010432,0.008032,0.769939,1.00056,-1,0,dict_u8_lossless,ok
as-735_G_222.mtx,bfp8,14294,0.008672,0.008576,0.98893,1.9993,-1,0,bfp8_blocks+bf16_residual,ok
as-735_G_222.mtx,auto,14294,0.010208,0.00896,0.877743,1.00056,-1,0,dict_u8_lossless,ok
as-735_G_230.mtx,bfp8,14429,0.009408,0.008576,0.911565,1.99931,-1,0,bfp8_blocks+bf16_residual,ok
as-735_G_230.mtx,auto,14429,0.010272,0.007936,0.772586,1.00055,-1,0,dict_u8_lossless,ok
as-735_G_238.mtx,bfp8,14438,0.00848,0.008128,0.958491,1.99931,-1,0,bfp8_blocks+bf16_residual,ok
as-735_G_238.mtx,auto,14438,0.012288,0.009184,0.747396,1.00055,-1,0,dict_u8_lossless,ok
as-735_G_246.mtx,bfp8,14665,0.009088,0.00912,1.00352,1.99932,-1,0,bfp8_blocks+bf16_residual,ok
as-735_G_246.mtx,auto,14665,0.012544,0.008544,0.681122,1.00055,-1,0,dict_u8_lossless,ok
as-735_G_254.mtx,bfp8,14723,0.0096,0.009792,1.02,1.99932,-1,0,bfp8_blocks+bf16_residual,ok
as-735_G_254.mtx,auto,14723,0.012288,0.009696,0.789062,1.00054,-1,0,dict_u8_lossless,ok
as-735_G_262.mtx,bfp8,14304,0.007968,0.008192,1.02811,1.9993,-1,0,bfp8_blocks+bf16_residual,ok
as-735_G_262.mtx,auto,14304,0.010688,0.00864,0.808383,1.00056,-1,0,dict_u8_lossless,ok
as-735_G_270.mtx,bfp8,14344,0.007936,0.007904,0.995968,1.9993,-1,0,bfp8_blocks+bf16_residual,ok
as-735_G_270.mtx,auto,14344,0.010016,0.008032,0.801917,1.00056,-1,0,dict_u8_lossless,ok
as-735_G_278.mtx,bfp8,15188,0.009536,0.009792,1.02685,1.99934,-1,0,bfp8_blocks+bf16_residual,ok
as-735_G_278.mtx,auto,15188,0.01024,0.007904,0.771875,1.00053,-1,0,dict_u8_lossless,ok
as-735_G_286.mtx,bfp8,15386,0.009088,0.009184,1.01056,1.99883,-1,0,bfp8_blocks+bf16_residual,ok
as-735_G_286.mtx,auto,15386,0.013664,0.010784,0.789227,1.00052,-1,0,dict_u8_lossless,ok
as-735_G_294.mtx,bfp8,15622,0.01008,0.009408,0.933333,1.99936,-1,0,bfp8_blocks+bf16_residual,ok
as-735_G_294.mtx,auto,15622,0.012,0.008,0.666667,1.00051,-1,0,dict_u8_lossless,ok
as-735_G_302.mtx,bfp8,15788,0.00928,0.009312,1.00345,1.99943,-1,0,bfp8_blocks+bf16_residual,ok
as-735_G_302.mtx,auto,15788,0.012,0.008288,0.690667,1.00051,-1,0,dict_u8_lossless,ok
as-735_G_310.mtx,bfp8,15998,0.009856,0.008896,0.902597,1.99944,-1,0,bfp8_blocks+bf16_residual,ok
as-735_G_310.mtx,auto,15998,0.013024,0.008608,0.660934,1.0005,-1,0,dict_u8_lossless,ok
as-735_G_318.mtx,bfp8,16245,0.009888,0.0096,0.970874,1.99945,-1,0,bfp8_blocks+bf16_residual,ok
as-735_G_318.mtx,auto,16245,0.012032,0.008096,0.672872,1.00049,-1,0,dict_u8_lossless,ok
as-735_G_326.mtx,bfp8,16359,0.007936,0.007968,1.00403,1.99945,-1,0,bfp8_blocks+bf16_residual,ok
as-735_G_326.mtx,auto,16359,0.012,0.008032,0.669333,1.00049,-1,0,dict_u8_lossless,ok
as-735_G_334.mtx,bfp8,15759,0.009696,0.009632,0.993399,1.99943,-1,0,bfp8_blocks+bf16_residual,ok
as-735_G_334.mtx,auto,15759,0.01216,0.007904,0.65,1.00051,-1,0,dict_u8_lossless,ok
as-735_G_342.mtx,bfp8,15968,0.007936,0.007968,1.00403,1.99894,-1,0,bfp8_blocks+bf16_residual,ok
as-735_G_342.mtx,auto,15968,0.012608,0.008512,0.675127,1.0005,-1,0,dict_u8_lossless,ok
as-735_G_350.mtx,bfp8,16251,0.010144,0.009312,0.917981,1.99895,-1,0,bfp8_blocks+bf16_residual,ok
as-735_G_350.mtx,auto,16251,0.01376,0.009824,0.713954,1.00049,-1,0,dict_u8_lossless,ok
as-735_G_358.mtx,bfp8,16428,0.009056,0.008832,0.975265,1.99945,-1,0,bfp8_blocks+bf16_residual,ok
as-735_G_358.mtx,auto,16428,0.012032,0.008,0.664894,1.00049,-1,0,dict_u8_lossless,ok
as-735_G_366.mtx,bfp8,16674,0.009152,0.010336,1.12937,1.99946,-1,0,bfp8_blocks+bf16_residual,ok
as-735_G_366.mtx,auto,16674,0.013152,0.009376,0.712895,1.00048,-1,0,dict_u8_lossless,ok
as-735_G_374.mtx,bfp8,16885,0.009728,0.009952,1.02303,1.99947,-1,0,bfp8_blocks+bf16_residual,ok
as-735_G_374.mtx,auto,16885,0.013216,0.009568,0.723971,1.00047,-1,0,dict_u8_lossless,ok
as-735_G_382.mtx,bfp8,16921,0.009664,0.00992,1.02649,1.99947,-1,0,bfp8_blocks+bf16_residual,ok
as-735_G_382.mtx,auto,16921,0.014176,0.010016,0.706546,1.00047,-1,0,dict_u8_lossless,ok
as-735_G_390.mtx,bfp8,17079,0.008608,0.008192,0.951673,1.99947,-1,0,bfp8_blocks+bf16_residual,ok
as-735_G_390.mtx,auto,17079,0.013152,0.008032,0.610706,1.00047,-1,0,dict_u8_lossless,ok
as-735_G_398.mtx,bfp8,17264,0.007936,0.007936,1,1.99948,-1,0,bfp8_blocks+bf16_residual,ok
as-735_G_398.mtx,auto,17264,0.012,0.007936,0.661333,1.00046,-1,0,dict_u8_lossless,ok
as-735_G_406.mtx,bfp8,2379,0.0048,0.005856,1.22,2,-1,0,bfp8_blocks+bf16_residual,ok
as-735_G_406.mtx,auto,2379,0.007872,0.005888,0.747967,1.00336,-1,0,dict_u8_lossless,ok
as-735_G_414.mtx,bfp8,2575,0.007488,0.007328,0.978632,2,-1,0,bfp8_blocks+bf16_residual,ok
as-735_G_414.mtx,auto,2575,0.009568,0.006624,0.692308,1.00311,-1,0,dict_u8_lossless,ok
as-735_G_422.mtx,bfp8,17598,0.008032,0.008,0.996016,1.99949,-1,0,bfp8_blocks+bf16_residual,ok
as-735_G_422.mtx,auto,17598,0.013664,0.00944,0.690867,1.00045,-1,0,dict_u8_lossless,ok
as-735_G_430.mtx,bfp8,17779,0.008224,0.008416,1.02335,1.99949,-1,0,bfp8_blocks+bf16_residual,ok
as-735_G_430.mtx,auto,17779,0.013824,0.010624,0.768519,1.00045,-1,0,dict_u8_lossless,ok
as-735_G_438.mtx,bfp8,17985,0.008416,0.009088,1.07985,1.9995,-1,0,bfp8_blocks+bf16_residual,ok
as-735_G_438.mtx,auto,17985,0.012448,0.008896,0.714653,1.00044,-1,0,dict_u8_lossless,ok
as-735_G_446.mtx,bfp8,18205,0.008416,0.008096,0.961977,1.99951,-1,0,bfp8_blocks+bf16_residual,ok
as-735_G_446.mtx,auto,18205,0.012032,0.00816,0.678191,1.00044,-1,0,dict_u8_lossless,ok
as-735_G_454.mtx,bfp8,18379,0.008416,0.008064,0.958175,1.99951,-1,0,bfp8_blocks+bf16_residual,ok
as-735_G_454.mtx,auto,18379,0.012576,0.010016,0.796438,1.00044,-1,0,dict_u8_lossless,ok
as-735_G_462.mtx,bfp8,18625,0.00832,0.008288,0.996154,1.99952,-1,0,bfp8_blocks+bf16_residual,ok
as-735_G_462.mtx,auto,18625,0.013792,0.01024,0.742459,1.00043,-1,0,dict_u8_lossless,ok
as-735_G_470.mtx,bfp8,18705,0.009024,0.008832,0.978723,1.99952,-1,0,bfp8_blocks+bf16_residual,ok
as-735_G_470.mtx,auto,18705,0.012128,0.008256,0.680739,1.00043,-1,0,dict_u8_lossless,ok
as-735_G_478.mtx,bfp8,18836,0.010496,0.008704,0.829268,1.99952,-1,0,bfp8_blocks+bf16_residual,ok
as-735_G_478.mtx,auto,18836,0.013728,0.01072,0.780886,1.00042,-1,0,dict_u8_lossless,ok
as-735_G_486.mtx,bfp8,19052,0.008352,0.008352,1,1.99958,-1,0,bfp8_blocks+bf16_residual,ok
as-735_G_486.mtx,auto,19052,0.012,0.00832,0.693333,1.00042,-1,0,dict_u8_lossless,ok
as-735_G_494.mtx,bfp8,19292,0.010752,0.009952,0.925595,1.99959,-1,0,bfp8_blocks+bf16_residual,ok
as-735_G_494.mtx,auto,19292,0.014144,0.011232,0.794118,1.00041,-1,0,dict_u8_lossless,ok
as-735_G_502.mtx,bfp8,19626,0.00816,0.008128,0.996078,1.99959,-1,0,bfp8_blocks+bf16_residual,ok
as-735_G_502.mtx,auto,19626,0.012672,0.008992,0.709596,1.00041,-1,0,dict_u8_lossless,ok
as-735_G_510.mtx,bfp8,19752,0.01056,0.010656,1.00909,1.99959,-1,0,bfp8_blocks+bf16_residual,ok
as-735_G_510.mtx,auto,19752,0.013824,0.009952,0.719907,1.00041,-1,0,dict_u8_lossless,ok
as-735_G_518.mtx,bfp8,19958,0.009856,0.010944,1.11039,1.9996,-1,0,bfp8_blocks+bf16_residual,ok
as-735_G_518.mtx,auto,19958,0.013984,0.01072,0.76659,1.0004,-1,0,dict_u8_lossless,ok
as-735_G_526.mtx,bfp8,20018,0.009472,0.008864,0.935811,1.9996,-1,0,bfp8_blocks+bf16_residual,ok
as-735_G_526.mtx,auto,20018,0.01296,0.009696,0.748148,1.0004,-1,0,dict_u8_lossless,ok
as-735_G_534.mtx,bfp8,19682,0.010176,0.0104,1.02201,1.99959,-1,0,bfp8_blocks+bf16_residual,ok
as-735_G_534.mtx,auto,19682,0.012992,0.008672,0.667488,1.00041,-1,0,dict_u8_lossless,ok
as-735_G_542.mtx,bfp8,20493,0.011136,0.011296,1.01437,1.99961,-1,0,bfp8_blocks+bf16_residual,ok
as-735_G_542.mtx,auto,20493,0.014048,0.009664,0.687927,1.00039,-1,0,dict_u8_lossless,ok
as-735_G_550.mtx,bfp8,20745,0.01104,0.011616,1.05217,1.99961,-1,0,bfp8_blocks+bf16_residual,ok
as-735_G_550.mtx,auto,20745,0.014528,0.008704,0.599119,1.00039,-1,0,dict_u8_lossless,ok
as-735_G_558.mtx,bfp8,20925,0.010368,0.010528,1.01543,1.99962,-1,0,bfp8_blocks+bf16_residual,ok
as-735_G_558.mtx,auto,20925,0.01248,0.010784,0.864103,1.00038,-1,0,dict_u8_lossless,ok
as-735_G_566.mtx,bfp8,21011,0.00864,0.008544,0.988889,1.99962,-1,0,bfp8_blocks+bf16_residual,ok
as-735_G_566.mtx,auto,21011,0.012608,0.008512,0.675127,1.00038,-1,0,dict_u8_lossless,ok
as-735_G_574.mtx,bfp8,21234,0.009856,0.01056,1.07143,1.99962,-1,0,bfp8_blocks+bf16_residual,ok
as-735_G_574.mtx,auto,21234,0.013408,0.008768,0.653938,1.00038,-1,0,dict_u8_lossless,ok
as-735_G_582.mtx,bfp8,21493,0.010272,0.010144,0.987539,1.99963,-1,0,bfp8_blocks+bf16_residual,ok
as-735_G_582.mtx,auto,21493,0.012384,0.008608,0.69509,1.00037,-1,0,dict_u8_lossless,ok
as-735_G_590.mtx,bfp8,13706,0.01056,0.009472,0.89697,2,-1,0,bfp8_blocks+bf16_residual,ok
as-735_G_590.mtx,auto,13706,0.012032,0.008032,0.667553,1.00058,-1,0,dict_u8_lossless,ok
as-735_G_598.mtx,bfp8,21957,0.008736,0.008288,0.948718,1.99964,-1,0,bfp8_blocks+bf16_residual,ok
as-735_G_598.mtx,auto,21957,0.012608,0.008352,0.662437,1.00036,-1,0,dict_u8_lossless,ok
as-735_G_606.mtx,bfp8,22185,0.010368,0.010464,1.00926,2,-1,0,bfp8_blocks+bf16_residual,ok
as-735_G_606.mtx,auto,22185,0.014848,0.010464,0.704741,1.00036,-1,0,dict_u8_lossless,ok
as-735_G_614.mtx,bfp8,22273,0.010912,0.010112,0.926686,2,-1,0,bfp8_blocks+bf16_residual,ok
as-735_G_614.mtx,auto,22273,0.015904,0.011712,0.736418,1.00036,-1,0,dict_u8_lossless,ok
as-735_G_622.mtx,bfp8,14066,0.008384,0.00816,0.973282,2,-1,0,bfp8_blocks+bf16_residual,ok
as-735_G_622.mtx,auto,14066,0.012032,0.008,0.664894,1.00057,-1,0,dict_u8_lossless,ok
as-735_G_630.mtx,bfp8,22626,0.008544,0.008672,1.01498,2,-1,0,bfp8_blocks+bf16_residual,ok
as-735_G_630.mtx,auto,22626,0.015072,0.01168,0.774947,1.00035,-1,0,dict_u8_lossless,ok
as-735_G_638.mtx,bfp8,22767,0.008608,0.009984,1.15985,2,-1,0,bfp8_blocks+bf16_residual,ok
as-735_G_638.mtx,auto,22767,0.012448,0.01008,0.809769,1.00035,-1,0,dict_u8_lossless,ok
as-735_G_646.mtx,bfp8,22836,0.013824,0.013664,0.988426,2,-1,0,bfp8_blocks+bf16_residual,ok
as-735_G_646.mtx,auto,22836,0.014016,0.010016,0.714612,1.00035,-1,0,dict_u8_lossless,ok
as-735_G_654.mtx,bfp8,23030,0.008576,0.008768,1.02239,2,-1,0,bfp8_blocks+bf16_residual,ok
as-735_G_654.mtx,auto,23030,0.012512,0.008896,0.710997,1.00035,-1,0,dict_u8_lossless,ok
as-735_G_662.mtx,bfp8,23543,0.010176,0.009984,0.981132,2,-1,0,bfp8_blocks+bf16_residual,ok
as-735_G_662.mtx,auto,23543,0.01376,0.01008,0.732558,1.00034,-1,0,dict_u8_lossless,ok
as-735_G_670.mtx,bfp8,23784,0.008416,0.008608,1.02281,2,-1,0,bfp8_blocks+bf16_residual,ok
as-735_G_670.mtx,auto,23784,0.014528,0.011136,0.76652,1.00034,-1,0,dict_u8_lossless,ok
as-735_G_678.mtx,bfp8,23938,0.010624,0.007936,0.746988,2,-1,0,bfp8_blocks+bf16_residual,ok
as-735_G_678.mtx,auto,23938,0.013504,0.008128,0.601896,1.00033,-1,0,dict_u8_lossless,ok
as-735_G_686.mtx,bfp8,24165,0.010464,0.009696,0.926606,2,-1,0,bfp8_blocks+bf16_residual,ok
as-735_G_686.mtx,auto,24165,0.012032,0.007904,0.656915,1.00033,-1,0,dict_u8_lossless,ok
as-735_G_694.mtx,bfp8,16611,0.00896,0.009408,1.05,2,-1,0,bfp8_blocks+bf16_residual,ok
as-735_G_694.mtx,auto,16611,0.01376,0.009632,0.7,1.00048,-1,0,dict_u8_lossless,ok
as-735_G_702.mtx,bfp8,25676,0.007936,0.007904,0.995968,2,-1,0,bfp8_blocks+bf16_residual,ok
as-735_G_702.mtx,auto,25676,0.012128,0.008416,0.693931,1.00031,-1,0,dict_u8_lossless,ok
as-735_G_710.mtx,bfp8,6594,0.007968,0.009216,1.15663,2,-1,0,bfp8_blocks+bf16_residual,ok
as-735_G_710.mtx,auto,6594,0.012544,0.008256,0.658163,1.00121,-1,0,dict_u8_lossless,ok
as-735_G_718.mtx,bfp8,8845,0.008128,0.007936,0.976378,2,-1,0,bfp8_blocks+bf16_residual,ok
as-735_G_718.mtx,auto,8845,0.013344,0.009376,0.702638,1.0009,-1,0,dict_u8_lossless,ok
as-735_G_726.mtx,bfp8,8938,0.009888,0.009536,0.964401,2,-1,0,bfp8_blocks+bf16_residual,ok
as-735_G_726.mtx,auto,8938,0.013088,0.009536,0.728606,1.0009,-1,0,dict_u8_lossless,ok
ca-GrQc.mtx,bfp8,28980,0.005856,0.005888,1.00546,1.99972,-1,0,bfp8_blocks+bf16_residual,ok
ca-GrQc.mtx,auto,28980,0.00816,0.00592,0.72549,1.00028,-1,0,dict_u8_lossless,ok
com-Friendster_Communities_all.mtx,bfp8,23479217,2.22765,2.29542,1.03042,2,-1,0,bfp8_blocks+bf16_residual,ok
com-Friendster_Communities_all.mtx,auto,23479217,2.69542,2.2991,0.852966,1,-1,0,dict_u8_lossless,ok
com-Youtube.mtx,bfp8,5975248,0.062368,0.06832,1.09543,1.99927,-1,0,bfp8_blocks+bf16_residual,ok
com-Youtube.mtx,auto,5975248,0.083328,0.06832,0.819892,1,-1,0,dict_u8_lossless,ok
email-Eu-core.mtx,bfp8,25571,0.010848,0.01184,1.09145,1.92272,-1,0,bfp8_blocks+bf16_residual,ok
email-Eu-core.mtx,auto,25571,0.013728,0.011232,0.818182,1.00031,-1,0,dict_u8_lossless,ok
p2p-Gnutella04.mtx,bfp8,39994,0.005856,0.005856,1,2,-1,0,bfp8_blocks+bf16_residual,ok
p2p-Gnutella04.mtx,auto,39994,0.008608,0.0056,0.650558,1.0002,-1,0,dict_u8_lossless,ok
soc-Pokec.mtx,bfp8,30622564,0.303488,0.35632,1.17408,1.9997,-1,0,bfp8_blocks+bf16_residual,ok
soc-Pokec.mtx,auto,30622564,0.31376,0.35616,1.13514,1,-1,0,dict_u8_lossless,ok
sx-askubuntu_C2Q.mtx,bfp8,198852,0.014176,0.013952,0.984199,2,-1,0,bfp8_blocks+bf16_residual,ok
sx-askubuntu_C2Q.mtx,auto,198852,0.018976,0.014656,0.772344,1.00354,-1,0,dict_u8_lossless,ok
sx-stackoverflow_C2Q.mtx,bfp8,11226829,0.159008,0.1896,1.19239,2,-1,0,bfp8_blocks+bf16_residual,ok
sx-stackoverflow_C2Q.mtx,auto,11226829,0.150016,0.18944,1.2628,2,-1,0,bfp8_blocks+bf16_residual,ok
wiki-RfA_Positive.mtx,bfp8,139326,0.012448,0.012672,1.01799,2,-1,0,bfp8_blocks+bf16_residual,ok
wiki-RfA_Positive.mtx,auto,139326,0.016,0.012512,0.782,1.00034,-1,0,dict_u8_lossless,ok
adder_dcop_04.mtx,bfp8,11107,0.008224,0.00752,0.914397,1.98406,-1,0,bfp8_blocks+bf16_residual,ok
adder_dcop_04.mtx,auto,11107,0.007968,0.00832,1.04418,1.98406,-1,0,bfp8_blocks+bf16_residual,ok
adder_dcop_12.mtx,bfp8,11246,0.007008,0.00592,0.844749,1.98426,-1,0,bfp8_blocks+bf16_residual,ok
adder_dcop_12.mtx,auto,11246,0.008672,0.008512,0.98155,1.98426,-1,0,bfp8_blocks+bf16_residual,ok
adder_dcop_20.mtx,bfp8,11246,0.008,0.00768,0.96,1.98426,-1,0,bfp8_blocks+bf16_residual,ok
adder_dcop_20.mtx,auto,11246,0.006048,0.005856,0.968254,1.98426,-1,0,bfp8_blocks+bf16_residual,ok
adder_dcop_28.mtx,bfp8,11246,0.007584,0.007776,1.02532,1.98426,-1,0,bfp8_blocks+bf16_residual,ok
adder_dcop_28.mtx,auto,11246,0.005952,0.005888,0.989247,1.98426,-1,0,bfp8_blocks+bf16_residual,ok
adder_dcop_36.mtx,bfp8,11246,0.00528,0.005856,1.10909,1.98426,-1,0,bfp8_blocks+bf16_residual,ok
adder_dcop_36.mtx,auto,11246,0.00656,0.007008,1.06829,1.98426,-1,0,bfp8_blocks+bf16_residual,ok
adder_dcop_44.mtx,bfp8,11245,0.006784,0.006816,1.00472,1.98426,-1,0,bfp8_blocks+bf16_residual,ok
adder_dcop_44.mtx,auto,11245,0.006016,0.007264,1.20745,1.98426,-1,0,bfp8_blocks+bf16_residual,ok
adder_dcop_52.mtx,bfp8,11246,0.006496,0.006784,1.04434,1.98426,-1,0,bfp8_blocks+bf16_residual,ok
adder_dcop_52.mtx,auto,11246,0.006496,0.006944,1.06897,1.98426,-1,0,bfp8_blocks+bf16_residual,ok
adder_dcop_60.mtx,bfp8,11246,0.00672,0.00688,1.02381,1.98426,-1,0,bfp8_blocks+bf16_residual,ok
adder_dcop_60.mtx,auto,11246,0.007008,0.006528,0.931507,1.98426,-1,0,bfp8_blocks+bf16_residual,ok
adder_dcop_68.mtx,bfp8,11246,0.005888,0.006496,1.10326,1.98426,-1,0,bfp8_blocks+bf16_residual,ok
adder_dcop_68.mtx,auto,11246,0.005824,0.006464,1.10989,1.98426,-1,0,bfp8_blocks+bf16_residual,ok
fpga_dcop_05.mtx,bfp8,5852,0.00672,0.006336,0.942857,2,-1,0,bfp8_blocks+bf16_residual,ok
fpga_dcop_05.mtx,auto,5852,0.005792,0.004576,0.790055,2,-1,0,bfp8_blocks+bf16_residual,ok
fpga_dcop_13.mtx,bfp8,5892,0.0064,0.006336,0.99,2,-1,0,bfp8_blocks+bf16_residual,ok
fpga_dcop_13.mtx,auto,5892,0.005504,0.006528,1.18605,2,-1,0,bfp8_blocks+bf16_residual,ok
fpga_dcop_21.mtx,bfp8,5892,0.006016,0.006528,1.08511,2,-1,0,bfp8_blocks+bf16_residual,ok
fpga_dcop_21.mtx,auto,5892,0.00464,0.0064,1.37931,2,-1,0,bfp8_blocks+bf16_residual,ok
fpga_dcop_29.mtx,bfp8,5892,0.004384,0.00592,1.35037,2,-1,0,bfp8_blocks+bf16_residual,ok
fpga_dcop_29.mtx,auto,5892,0.007136,0.006272,0.878924,2,-1,0,bfp8_blocks+bf16_residual,ok
fpga_dcop_37.mtx,bfp8,5892,0.006528,0.006016,0.921569,2,-1,0,bfp8_blocks+bf16_residual,ok
fpga_dcop_37.mtx,auto,5892,0.006368,0.006432,1.01005,2,-1,0,bfp8_blocks+bf16_residual,ok
fpga_dcop_45.mtx,bfp8,5892,0.004608,0.005216,1.13194,2,-1,0,bfp8_blocks+bf16_residual,ok
fpga_dcop_45.mtx,auto,5892,0.00544,0.005088,0.935294,2,-1,0,bfp8_blocks+bf16_residual,ok
fpga_trans_02.mtx,bfp8,7382,0.00592,0.006592,1.11351,2,-1,0,bfp8_blocks+bf16_residual,ok
fpga_trans_02.mtx,auto,7382,0.004384,0.004832,1.10219,2,-1,0,bfp8_blocks+bf16_residual,ok
oscil_dcop_07.mtx,bfp8,1544,0.005984,0.004608,0.770054,1.79275,-1,0,bfp8_blocks+bf16_residual,ok
oscil_dcop_07.mtx,auto,1544,0.004224,0.004032,0.954545,1.79275,-1,0,bfp8_blocks+bf16_residual,ok
oscil_dcop_15.mtx,bfp8,1544,0.003904,0.003968,1.01639,1.79275,-1,0,bfp8_blocks+bf16_residual,ok
oscil_dcop_15.mtx,auto,1544,0.0056,0.0048,0.857143,1.79275,-1,0,bfp8_blocks+bf16_residual,ok
oscil_dcop_23.mtx,bfp8,1544,0.006112,0.005728,0.937173,1.79275,-1,0,bfp8_blocks+bf16_residual,ok
oscil_dcop_23.mtx,auto,1544,0.0056,0.004768,0.851429,1.79275,-1,0,bfp8_blocks+bf16_residual,ok
oscil_dcop_31.mtx,bfp8,1544,0.006176,0.005984,0.968912,1.79275,-1,0,bfp8_blocks+bf16_residual,ok
oscil_dcop_31.mtx,auto,1544,0.004864,0.004,0.822369,1.79275,-1,0,bfp8_blocks+bf16_residual,ok
oscil_dcop_39.mtx,bfp8,1544,0.00384,0.004032,1.05,1.79275,-1,0,bfp8_blocks+bf16_residual,ok
oscil_dcop_39.mtx,auto,1544,0.00384,0.003936,1.025,1.79275,-1,0,bfp8_blocks+bf16_residual,ok
oscil_dcop_47.mtx,bfp8,1544,0.003872,0.004448,1.14876,1.79275,-1,0,bfp8_blocks+bf16_residual,ok
oscil_dcop_47.mtx,auto,1544,0.005952,0.00496,0.833333,1.79275,-1,0,bfp8_blocks+bf16_residual,ok
oscil_dcop_55.mtx,bfp8,1544,0.004384,0.005504,1.25547,1.79275,-1,0,bfp8_blocks+bf16_residual,ok
oscil_dcop_55.mtx,auto,1544,0.005728,0.005472,0.955307,1.79275,-1,0,bfp8_blocks+bf16_residual,ok
c-19.mtx,bfp8,21817,0.008064,0.007936,0.984127,1.86162,-1,0,bfp8_blocks+bf16_residual,ok
c-19.mtx,auto,21817,0.008192,0.007904,0.964844,1.86162,-1,0,bfp8_blocks+bf16_residual,ok
c-27.mtx,bfp8,30927,0.006752,0.008,1.18483,1.89158,-1,0,bfp8_blocks+bf16_residual,ok
c-27.mtx,auto,30927,0.005504,0.006528,1.18605,1.89158,-1,0,bfp8_blocks+bf16_residual,ok
c-35.mtx,bfp8,62891,0.006144,0.006144,1,1.86098,-1,0,bfp8_blocks+bf16_residual,ok
c-35.mtx,auto,62891,0.00848,0.008704,1.02642,1.86098,-1,0,bfp8_blocks+bf16_residual,ok
N_biocarta.mtx,bfp8,4335,0.00464,0.00592,1.27586,1.99815,-1,0,bfp8_blocks+bf16_residual,ok
N_biocarta.mtx,auto,4335,0.005984,0.006112,1.02139,1.01107,-1,0,dict_u8_lossless,ok
raefsky5.mtx,bfp8,167178,0.008032,0.00848,1.05578,1.24,-1,0,bfp8_blocks+bf16_residual,ok
raefsky5.mtx,auto,167178,0.009088,0.009312,1.02465,1.24,-1,0,bfp8_blocks+bf16_residual,ok
t2d_q4.mtx,bfp8,87025,0.004064,0.004288,1.05512,1.47805,-1,0,bfp8_blocks+bf16_residual,ok
t2d_q4.mtx,auto,87025,0.006336,0.005984,0.944444,1.47805,-1,0,bfp8_blocks+bf16_residual,ok
t2d_q4_A_08.mtx,bfp8,87025,0.00656,0.005472,0.834146,1.47805,-1,0,bfp8_blocks+bf16_residual,ok
t2d_q4_A_08.mtx,auto,87025,0.0064,0.004352,0.68,1.47805,-1,0,bfp8_blocks+bf16_residual,ok
t2d_q4_A_16.mtx,bfp8,87025,0.006304,0.004224,0.670051,1.47805,-1,0,bfp8_blocks+bf16_residual,ok
t2d_q4_A_16.mtx,auto,87025,0.0064,0.00432,0.675,1.47805,-1,0,bfp8_blocks+bf16_residual,ok
t2d_q4_A_24.mtx,bfp8,87025,0.007136,0.006976,0.977579,1.47805,-1,0,bfp8_blocks+bf16_residual,ok
t2d_q4_A_24.mtx,auto,87025,0.004096,0.004192,1.02344,1.47805,-1,0,bfp8_blocks+bf16_residual,ok
t2d_q4_A_32.mtx,bfp8,87025,0.004544,0.004288,0.943662,1.47805,-1,0,bfp8_blocks+bf16_residual,ok
t2d_q4_A_32.mtx,auto,87025,0.006528,0.004224,0.647059,1.47805,-1,0,bfp8_blocks+bf16_residual,ok
t2d_q4_A_40.mtx,bfp8,87025,0.004096,0.004288,1.04688,1.47805,-1,0,bfp8_blocks+bf16_residual,ok
t2d_q4_A_40.mtx,auto,87025,0.006528,0.004224,0.647059,1.47805,-1,0,bfp8_blocks+bf16_residual,ok
t2d_q9_A_02.mtx,bfp8,87025,0.005376,0.004224,0.785714,1.47805,-1,0,bfp8_blocks+bf16_residual,ok
t2d_q9_A_02.mtx,auto,87025,0.00528,0.005312,1.00606,1.47805,-1,0,bfp8_blocks+bf16_residual,ok
t2d_q9_A_10.mtx,bfp8,87025,0.004096,0.004256,1.03906,1.47805,-1,0,bfp8_blocks+bf16_residual,ok
t2d_q9_A_10.mtx,auto,87025,0.004096,0.004224,1.03125,1.47805,-1,0,bfp8_blocks+bf16_residual,ok
t2d_q9_A_18.mtx,bfp8,87025,0.004064,0.004192,1.0315,1.47805,-1,0,bfp8_blocks+bf16_residual,ok
t2d_q9_A_18.mtx,auto,87025,0.006688,0.00608,0.909091,1.47805,-1,0,bfp8_blocks+bf16_residual,ok
t2d_q9_A_26.mtx,bfp8,87025,0.0064,0.006048,0.945,1.47805,-1,0,bfp8_blocks+bf16_residual,ok
t2d_q9_A_26.mtx,auto,87025,0.00656,0.006432,0.980488,1.47805,-1,0,bfp8_blocks+bf16_residual,ok
t2d_q9_A_34.mtx,bfp8,87025,0.004256,0.004256,1,1.47805,-1,0,bfp8_blocks+bf16_residual,ok
t2d_q9_A_34.mtx,auto,87025,0.006112,0.005952,0.973822,1.47805,-1,0,bfp8_blocks+bf16_residual,ok
t2d_q9_A_42.mtx,bfp8,87025,0.004128,0.004224,1.02326,1.47805,-1,0,bfp8_blocks+bf16_residual,ok
t2d_q9_A_42.mtx,auto,87025,0.004128,0.005376,1.30233,1.47805,-1,0,bfp8_blocks+bf16_residual,ok
utm5940.mtx,bfp8,83842,0.007488,0.008256,1.10256,1.42807,-1,0,bfp8_blocks+bf16_residual,ok
utm5940.mtx,auto,83842,0.007072,0.005856,0.828054,1.42807,-1,0,bfp8_blocks+bf16_residual,ok
dynamicSoaringProblem_2.mtx,bfp8,15588,0.004576,0.006848,1.4965,1.55844,-1,0,bfp8_blocks+bf16_residual,ok
dynamicSoaringProblem_2.mtx,auto,15588,0.006304,0.00464,0.736041,1.55844,-1,0,bfp8_blocks+bf16_residual,ok
freeFlyingRobot_10.mtx,bfp8,40080,0.005888,0.005856,0.994565,1.61557,-1,0,bfp8_blocks+bf16_residual,ok
freeFlyingRobot_10.mtx,auto,40080,0.007424,0.006432,0.866379,1.61557,-1,0,bfp8_blocks+bf16_residual,ok
freeFlyingRobot_3.mtx,bfp8,12922,0.005504,0.007168,1.30233,1.61833,-1,0,bfp8_blocks+bf16_residual,ok
freeFlyingRobot_3.mtx,auto,12922,0.005376,0.004352,0.809524,1.61833,-1,0,bfp8_blocks+bf16_residual,ok
goddardRocketProblem_2.mtx,bfp8,9058,0.008672,0.008448,0.97417,1.65092,-1,0,bfp8_blocks+bf16_residual,ok
goddardRocketProblem_2.mtx,auto,9058,0.010528,0.011392,1.08207,1.65092,-1,0,bfp8_blocks+bf16_residual,ok
kineticBatchReactor_5.mtx,bfp8,80767,0.007904,0.007968,1.0081,1.80393,-1,0,bfp8_blocks+bf16_residual,ok
kineticBatchReactor_5.mtx,auto,80767,0.010528,0.009088,0.863222,1.80393,-1,0,bfp8_blocks+bf16_residual,ok
orbitRaising_1.mtx,bfp8,2906,0.003904,0.004224,1.08197,1.57605,-1,0,bfp8_blocks+bf16_residual,ok
orbitRaising_1.mtx,auto,2906,0.005024,0.005248,1.04459,1.57605,-1,0,bfp8_blocks+bf16_residual,ok
reorientation_5.mtx,bfp8,35590,0.007456,0.00688,0.922747,1.70936,-1,0,bfp8_blocks+bf16_residual,ok
reorientation_5.mtx,auto,35590,0.00896,0.00592,0.660714,1.70936,-1,0,bfp8_blocks+bf16_residual,ok
spaceStation_1.mtx,bfp8,927,0.006368,0.006272,0.984925,1.72384,-1,0,bfp8_blocks+bf16_residual,ok
spaceStation_1.mtx,auto,927,0.007008,0.004832,0.689498,1.72384,-1,0,bfp8_blocks+bf16_residual,ok
spaceStation_4.mtx,bfp8,13626,0.008576,0.007136,0.83209,1.61794,-1,0,bfp8_blocks+bf16_residual,ok
spaceStation_4.mtx,auto,13626,0.00864,0.00816,0.944444,1.61794,-1,0,bfp8_blocks+bf16_residual,ok
tumorAntiAngiogenesis_3.mtx,bfp8,3952,0.006176,0.006816,1.10363,1.64246,-1,0,bfp8_blocks+bf16_residual,ok
tumorAntiAngiogenesis_3.mtx,auto,3952,0.006848,0.006624,0.96729,1.64246,-1,0,bfp8_blocks+bf16_residual,ok
mosfet2.mtx,bfp8,1013062,0.011168,0.013792,1.23496,1.99612,-1,0,bfp8_blocks+bf16_residual,ok
mosfet2.mtx,auto,1013062,0.010848,0.013408,1.23599,1.99612,-1,0,bfp8_blocks+bf16_residual,ok
test1.mtx,bfp8,9447535,0.06848,0.087968,1.28458,1.99994,-1,0,bfp8_blocks+bf16_residual,ok
test1.mtx,auto,9447535,0.065888,0.088384,1.34143,1.99994,-1,0,bfp8_blocks+bf16_residual,ok
psse1.mtx,bfp8,57376,0.005024,0.005792,1.15287,1.99329,-1,0,bfp8_blocks+bf16_residual,ok
psse1.mtx,auto,57376,0.004928,0.005216,1.05844,1.99329,-1,0,bfp8_blocks+bf16_residual,ok
extr1b_A_03.mtx,bfp8,10965,0.005248,0.005504,1.04878,1.915,-1,0,bfp8_blocks+bf16_residual,ok
extr1b_A_03.mtx,auto,10965,0.00544,0.004928,0.905882,1.915,-1,0,bfp8_blocks+bf16_residual,ok
extr1b_A_11.mtx,bfp8,9053,0.004992,0.00464,0.929487,1.94411,-1,0,bfp8_blocks+bf16_residual,ok
extr1b_A_11.mtx,auto,9053,0.00464,0.005152,1.11034,1.94411,-1,0,bfp8_blocks+bf16_residual,ok
extr1b_A_19.mtx,bfp8,11404,0.004448,0.004896,1.10072,1.91538,-1,0,bfp8_blocks+bf16_residual,ok
extr1b_A_19.mtx,auto,11404,0.004704,0.005728,1.21769,1.91538,-1,0,bfp8_blocks+bf16_residual,ok
extr1b_A_27.mtx,bfp8,9053,0.005888,0.00592,1.00543,1.94411,-1,0,bfp8_blocks+bf16_residual,ok
extr1b_A_27.mtx,auto,9053,0.00384,0.003808,0.991667,1.94411,-1,0,bfp8_blocks+bf16_residual,ok
extr1b_A_35.mtx,bfp8,9053,0.005728,0.005696,0.994413,1.94411,-1,0,bfp8_blocks+bf16_residual,ok
extr1b_A_35.mtx,auto,9053,0.005312,0.005344,1.00602,1.94411,-1,0,bfp8_blocks+bf16_residual,ok
extr1b_A_43.mtx,bfp8,9053,0.003968,0.00384,0.967742,1.94411,-1,0,bfp8_blocks+bf16_residual,ok
extr1b_A_43.mtx,auto,9053,0.006176,0.005888,0.953368,1.94411,-1,0,bfp8_blocks+bf16_residual,ok
extr1b_Zeros_06.mtx,bfp8,438,0.004352,0.004896,1.125,2,-1,0,bfp8_blocks+bf16_residual,ok
extr1b_Zeros_06.mtx,auto,438,0.005248,0.004352,0.829268,1.01826,-1,0,dict_u8_lossless,ok
extr1b_Zeros_14.mtx,bfp8,175,0.004032,0.004512,1.11905,2,-1,0,bfp8_blocks+bf16_residual,ok
extr1b_Zeros_14.mtx,auto,175,0.004416,0.005408,1.22464,1.04571,-1,0,dict_u8_lossless,ok
extr1b_Zeros_22.mtx,bfp8,174,0.004992,0.004576,0.916667,2,-1,0,bfp8_blocks+bf16_residual,ok
extr1b_Zeros_22.mtx,auto,174,0.005024,0.00336,0.66879,1.04598,-1,0,dict_u8_lossless,ok
extr1b_Zeros_30.mtx,bfp8,174,0.00384,0.00384,1,2,-1,0,bfp8_blocks+bf16_residual,ok
extr1b_Zeros_30.mtx,auto,174,0.00384,0.00384,1,1.04598,-1,0,dict_u8_lossless,ok
extr1b_Zeros_38.mtx,bfp8,174,0.00416,0.003936,0.946154,2,-1,0,bfp8_blocks+bf16_residual,ok
extr1b_Zeros_38.mtx,auto,174,0.003808,0.00384,1.0084,1.04598,-1,0,dict_u8_lossless,ok
hydr1c.mtx,bfp8,22592,0.00384,0.003872,1.00833,1.93338,-1,0,bfp8_blocks+bf16_residual,ok
hydr1c.mtx,auto,22592,0.005856,0.005952,1.01639,1.93338,-1,0,bfp8_blocks+bf16_residual,ok
hydr1c_A_08.mtx,bfp8,23010,0.005568,0.005632,1.01149,1.92203,-1,0,bfp8_blocks+bf16_residual,ok
hydr1c_A_08.mtx,auto,23010,0.005504,0.00416,0.755814,1.92203,-1,0,bfp8_blocks+bf16_residual,ok
hydr1c_A_16.mtx,bfp8,23567,0.003808,0.003872,1.01681,1.93376,-1,0,bfp8_blocks+bf16_residual,ok
hydr1c_A_16.mtx,auto,23567,0.003872,0.003904,1.00826,1.93376,-1,0,bfp8_blocks+bf16_residual,ok
hydr1c_A_24.mtx,bfp8,19486,0.005056,0.005152,1.01899,1.92174,-1,0,bfp8_blocks+bf16_residual,ok
hydr1c_A_24.mtx,auto,19486,0.00608,0.005728,0.942105,1.92174,-1,0,bfp8_blocks+bf16_residual,ok
hydr1c_A_32.mtx,bfp8,23556,0.006112,0.006208,1.01571,1.93475,-1,0,bfp8_blocks+bf16_residual,ok
hydr1c_A_32.mtx,auto,23556,0.004448,0.005024,1.1295,1.93475,-1,0,bfp8_blocks+bf16_residual,ok
hydr1c_A_40.mtx,bfp8,19491,0.004064,0.004128,1.01575,1.92084,-1,0,bfp8_blocks+bf16_residual,ok
hydr1c_A_40.mtx,auto,19491,0.005536,0.004896,0.884393,1.92084,-1,0,bfp8_blocks+bf16_residual,ok
hydr1c_A_48.mtx,bfp8,23517,0.004512,0.005312,1.1773,1.93515,-1,0,bfp8_blocks+bf16_residual,ok
hydr1c_A_48.mtx,auto,23517,0.003808,0.003968,1.04202,1.93515,-1,0,bfp8_blocks+bf16_residual,ok
hydr1c_A_56.mtx,bfp8,19495,0.00384,0.003936,1.025,1.92049,-1,0,bfp8_blocks+bf16_residual,ok
hydr1c_A_56.mtx,auto,19495,0.005536,0.0056,1.01156,1.92049,-1,0,bfp8_blocks+bf16_residual,ok
hydr1c_A_64.mtx,bfp8,19478,0.003808,0.003872,1.01681,1.92176,-1,0,bfp8_blocks+bf16_residual,ok
hydr1c_A_64.mtx,auto,19478,0.005696,0.004256,0.747191,1.92176,-1,0,bfp8_blocks+bf16_residual,ok
hydr1c_A_72.mtx,bfp8,23553,0.005568,0.006304,1.13218,1.93406,-1,0,bfp8_blocks+bf16_residual,ok
hydr1c_A_72.mtx,auto,23553,0.005024,0.005728,1.14013,1.93406,-1,0,bfp8_blocks+bf16_residual,ok
hydr1c_Zeros_03.mtx,bfp8,756,0.00384,0.00384,1,2,-1,0,bfp8_blocks+bf16_residual,ok
hydr1c_Zeros_03.mtx,auto,756,0.005056,0.004608,0.911392,1.01058,-1,0,dict_u8_lossless,ok
hydr1c_Zeros_11.mtx,bfp8,393,0.004032,0.004416,1.09524,2,-1,0,bfp8_blocks+bf16_residual,ok
hydr1c_Zeros_11.mtx,auto,393,0.005376,0.004352,0.809524,1.02036,-1,0,dict_u8_lossless,ok
hydr1c_Zeros_19.mtx,bfp8,426,0.003936,0.003808,0.96748,2,-1,0,bfp8_blocks+bf16_residual,ok
hydr1c_Zeros_19.mtx,auto,426,0.004352,0.003264,0.75,1.01878,-1,0,dict_u8_lossless,ok
hydr1c_Zeros_27.mtx,bfp8,407,0.00384,0.003008,0.783333,2,-1,0,bfp8_blocks+bf16_residual,ok
hydr1c_Zeros_27.mtx,auto,407,0.004608,0.003456,0.75,1.01966,-1,0,dict_u8_lossless,ok
hydr1c_Zeros_35.mtx,bfp8,415,0.004832,0.004608,0.953642,2,-1,0,bfp8_blocks+bf16_residual,ok
hydr1c_Zeros_35.mtx,auto,415,0.003904,0.003712,0.95082,1.01928,-1,0,dict_u8_lossless,ok
hydr1c_Zeros_43.mtx,bfp8,382,0.00384,0.00384,1,2,-1,0,bfp8_blocks+bf16_residual,ok
hydr1c_Zeros_43.mtx,auto,382,0.004544,0.004576,1.00704,1.02094,-1,0,dict_u8_lossless,ok
hydr1c_Zeros_51.mtx,bfp8,416,0.004608,0.004768,1.03472,2,-1,0,bfp8_blocks+bf16_residual,ok
hydr1c_Zeros_51.mtx,auto,416,0.005344,0.00352,0.658683,1.01923,-1,0,dict_u8_lossless,ok
hydr1c_Zeros_59.mtx,bfp8,395,0.004672,0.004288,0.917808,2,-1,0,bfp8_blocks+bf16_residual,ok
hydr1c_Zeros_59.mtx,auto,395,0.00528,0.003936,0.745455,1.02025,-1,0,dict_u8_lossless,ok
hydr1c_Zeros_67.mtx,bfp8,390,0.003808,0.00384,1.0084,2,-1,0,bfp8_blocks+bf16_residual,ok
hydr1c_Zeros_67.mtx,auto,390,0.004928,0.005248,1.06494,1.02051,-1,0,dict_u8_lossless,ok
hydr1c_Zeros_75.mtx,bfp8,424,0.005216,0.004224,0.809816,2,-1,0,bfp8_blocks+bf16_residual,ok
hydr1c_Zeros_75.mtx,auto,424,0.005408,0.004352,0.804734,1.01887,-1,0,dict_u8_lossless,ok
cage5.mtx,bfp8,233,0.004896,0.005248,1.0719,1.53219,-1,0,bfp8_blocks+bf16_residual,ok
cage5.mtx,auto,233,0.004096,0.005024,1.22656,2.27039,-1,0,dict_u8_lossless,ok
